,score
0,-0.09103856350605372
1,-0.29936321302362034
2,-1.6296733573673472
3,-0.1366034405020744
4,-1.241726520619088
5,0.1676158893275485
6,-0.5444587226937733
7,0.7645151849321952
8,0.7107334792722662
9,0.6472694191558115
10,0.7643414814224936
11,-0.28974479621571414
12,-0.5295189507881033
13,0.5718364820728841
14,-0.3928616530357855
15,-1.9133037130756008
16,0.2979313023159808
17,-0.16141475926299675
18,0.7243529858936626
19,-0.5548607037564518
20,1.0105494698401547
21,-0.03584276186600638
22,1.8511845035492538
23,0.8027018482112909
24,0.07192603435493383
25,-0.9999999915029547
26,0.23330211408733342
27,-0.15228513125185078
28,-0.2538391899718204
29,0.06349220244179787
30,0.2981294132229277
31,0.7437899853718526
32,0.34530998875441693
33,1.02972233751425
34,0.6579298878259936
35,0.17525825499046171
36,0.5443268023872501
37,-0.14801552890214045
38,-0.4069533790970572
39,-0.5764873041872195
40,0.14541503908488623
41,0.4526133516156012
42,-0.43591851671634785
43,0.925293987278951
44,0.8270405520368855
45,-1.1810807304797306
46,1.3601866910307001
47,0.23147003843294295
48,0.09498427793770808
49,0.22583961801748048
50,0.7440901519244099
51,0.25857981560019155
52,0.3147475752959406
53,-0.08596432272139765
54,0.5801661342187523
55,0.7047940382992541
56,0.3232302860446075
57,0.8101148174780339
58,0.7954500157438409
59,0.9140711185116297
60,0.6974463234907902
61,0.08850080177388236
62,-0.6382082383551775
63,1.2548535607749463
64,0.1564637621579082
65,0.3188259482492965
66,1.7970560140082457
67,0.7429143265144569
68,1.128426949186059
69,0.04185900529790265
70,-1.1819302669695202
71,0.41724803363119817
72,-0.03584276186600638
73,-0.9405465121354628
74,-0.004196021442867071
75,-0.19959713593830358
76,1.0056085262627936
77,0.15285523269799528
78,0.9838484956934292
79,1.6633174233175874
80,-0.3320755308962634
81,-0.2538927032162381
82,0.9673194735936117
83,1.2760753378951075
84,0.6974020610127314
85,-0.4584895320443122
86,1.0117658485101708
87,0.3131281682722263
88,-0.7862089380340824
89,-0.09509287531084681
90,0.2968450819142587
91,0.4246846595177541
92,0.4851781150816517
93,-0.5192357419188502
94,-0.8680120142597265
95,1.460122620779362
96,0.29965992564737093
97,-0.4720247776790027
98,-0.6608727698714466
99,-0.17605122964889253
100,0.4706699358414223
101,-0.09687106866324102
102,0.4743137973182651
103,0.30878247488115224
104,0.8847311039113848
105,-0.9943384352374103
106,0.2700354144638966
107,0.22628115499654672
108,-0.5822600106975013
109,-0.28348161789239285
110,-0.584235132425005
111,-0.298190403663513
112,-0.36024940709619446
113,-0.6178617926411353
114,-0.14085446184716058
115,-0.47349079743805245
116,0.9838484956934292
117,-0.06561181010178613
118,0.22783415491946962
119,1.0154468601221875
120,0.17027858063492346
121,-1.0000003634844954
122,0.0012913995587053306
123,-0.2774608904597402
124,0.4700872434301984
125,1.2979528912741491
126,-0.03584276186600638
127,-0.4845266279909245
128,-0.24609376337361205
129,0.4494313475081186
130,0.9596321879668901
131,-0.8108422121853176
132,-0.5811553233724231
133,0.35308334578604755
134,0.39475043556593253
135,-0.49771058331374124
136,-0.08267844596750684
137,0.10704772316603389
138,1.3781966780160928
139,0.6931962189162815
140,0.7158377641568523
141,0.8537543214303438
142,0.207327371069918
143,0.36165382576854094
144,-0.9465771547558663
145,-0.08603264347073519
146,0.22583961801748048
147,0.6474143346666974
148,-0.3976231117478123
149,0.21575623413247808
150,1.0725641935001682
151,0.05149323550331658
152,0.06276859594795375
153,1.4388501116236156
154,0.05012814858191861
155,-1.105476677025756
156,0.49838608250467037
157,-0.3502775572294207
158,-1.0635949705302898
159,-0.942302789397371
160,-1.606834995218596
161,-0.8217317742795731
162,0.0209351578884302
163,0.47261221250158153
164,-0.4469876596625598
165,-1.0461606104416001
166,0.07968932764943415
167,0.2787853308046429
168,-0.3229392442720107
169,0.5738899653348339
170,1.0845646511876743
171,0.9426908942314705
172,-0.4049430905630165
173,1.5916599529626867
174,0.5114338437320034
175,-0.9999999164421836
176,0.3878594132342696
177,-0.08672250692693817
178,0.193465792889626
179,0.3118776675435571
180,-0.3565391400219957
181,-0.03584276186600638
182,-0.3144841897300254
183,0.47005521760869323
184,0.4534100441925097
185,-1.473912905691647
186,-0.9659433248181584
187,-0.17261813762890238
188,0.9517944391904514
189,0.07158655897352645
190,-0.03584276186600638
191,0.7033578082036085
192,0.35170605409749084
193,-0.2654329798648179
194,1.112989554083403
195,-0.5533946569476723
196,0.6627295651406526
197,0.9777118882284019
198,0.540361768806908
199,-0.5882582382604058
200,-0.6791428072847017
201,0.18908053115565998
202,-0.05228897640923946
203,-0.8453373551751244
204,-1.1475892586157947
205,0.7379029085889328
206,-0.7920725348677602
207,0.2810226385264561
208,0.06426074926447217
209,0.34298492946374676
210,-1.000000057497475
211,-0.5495594851130307
212,-0.9999996090042633
213,0.07499348794110589
214,0.7627279737868471
215,0.023242266282389346
216,-0.5184259855862436
217,0.6423445227299442
218,1.8144849155433325
219,-0.9026849039225902
220,-0.49660405366091287
221,0.10517565413447116
222,0.21900626818374241
223,0.4151908720337845
224,0.1656210220180882
225,0.19995486791594003
226,0.7099399149763794
227,-0.888198797001424
228,-1.4979589207169017
229,-0.01955281965192629
230,0.39230039543788925
231,-1.000000441374723
232,0.9220367315962119
233,0.02740148936505782
234,0.6014568953712041
235,1.1279576149896817
236,0.056455621283088675
237,-0.20661058074814365
238,0.2523820935523163
239,-1.3463419091776674
240,-0.22507332672091443
241,-0.37424668771595254
242,0.8409072430146307
243,0.5832379991341243
244,1.0193907026878208
245,-0.6571317991983825
246,-0.8681437246292296
247,0.8847311039113848
248,-0.03891415558732486
249,0.4501337745879946
250,0.3755471200601194
251,0.5879344407326883
252,-0.7397377390652065
253,-0.2769637735167951
254,-0.12345269402955275
255,0.21447601026462787
256,0.7198278536940859
257,-0.9449150677292837
258,-0.6188756849502499
259,-0.30912956824760573
260,0.349652923565226
261,-0.21304572136980818
262,0.512033422600441
263,-0.06842910505534366
264,0.23250451002844824
265,0.08679079031853393
266,0.018175544075812122
267,1.093296501142011
268,0.7675952258046312
269,0.177111730783379
270,-0.9999999705181173
271,1.0204148687140604
272,0.6131082479182155
273,1.0460969193463547
274,-0.5001876246872254
275,-1.408807071660982
276,0.43777984706738354
277,0.8335492517030554
278,0.4435158309431885
279,-0.4288656802530263
280,-0.39692815321175956
281,0.9796902159818521
282,-0.42968573270403254
283,-0.25764961739319436
284,1.5338935585963847
285,-0.6817049692353461
286,1.2194082243233035
287,-0.3542252870077551
288,-0.41806440413002116
289,0.6388497891508074
290,0.5968697680225346
291,-0.15334029922824885
292,0.19870184941667107
293,1.9922011469272447
294,0.12427338895345313
295,-0.9243783916130814
296,-0.7842610680238319
297,0.8189635470159502
298,0.9611669002187138
299,0.915059053105731
300,-0.030076601514038293
301,0.5407966462742475
302,-0.3824216898801847
303,-0.9943384352374103
304,-0.1871774345612826
305,0.863837302200815
306,0.5561584195233695
307,0.373643930069321
308,-0.9685233784340639
309,0.2530342732954665
310,-0.28573695386943454
311,-0.27095310990016974
312,0.700078908204012
313,0.2102749743407794
314,0.14095241660229557
315,0.42681503395685777
316,0.025464788797221416
317,1.3100870743823998
318,-0.6054415697852713
319,0.7294286798144165
320,0.017788243834531536
321,0.7602148936596353
322,0.5739134593501563
323,0.5993145239922419
324,0.06081750799025215
325,0.7090958990035645
326,0.3769958258766873
327,0.34630201758090345
328,0.07481287565986894
329,-0.6431180855102699
330,0.4290330946637831
331,-1.6515675592243255
332,-0.1653218033088354
333,-0.9999999705181173
334,-0.20037715490403651
335,0.6264679959299457
336,-0.7681861404348223
337,0.7968525149373611
338,-1.9133037130756008
339,0.3763572246605001
340,-0.10222318129908345
341,0.5423008757628685
342,0.8847311039113848
343,-0.4711519742225229
344,0.13964230459339305
345,0.8662338874082338
346,0.03453786473041298
347,1.066187472162714
348,-0.7849394983848382
349,0.7601044184323067
350,-0.6342596012689513
351,-0.3027621316285005
352,-1.2359933757954757
353,0.925293987278951
354,-0.8258857707901819
355,-0.8899820459600503
356,-0.44832003995705005
357,0.5574507904654125
358,0.5047125236481715
359,-0.5200585161740544
360,-0.1397021913382247
361,0.8130145534158122
362,0.39691029993357335
363,0.433465939955706
364,0.24832918913606278
365,0.6237697042862194
366,-0.49878269511259843
367,0.32300765110287405
368,1.3902717732745058
369,-0.08812899343580743
370,0.7083256543830265
371,0.25455328961178
372,1.1729334626583023
373,-0.3226352447247148
374,0.23858667823910323
375,-0.40989872000003214
376,0.4015373589008822
377,1.035479359047724
378,-0.9073512396046131
379,0.7353372373938343
380,-0.0013441841114872344
381,-0.016333877921746787
382,-0.39924147928712783
383,0.12797777141355088
384,-0.13256494529469698
385,0.35057285847258696
386,0.2608353045250876
387,-0.32263526334964177
388,1.4405689538351658
389,0.7574950468523383
390,-1.1658787133985598
391,-0.00909726194452315
392,-0.009179565748660135
393,0.12506409447209416
394,-0.7699544136816658
395,1.5778471342036309
396,1.0462668206160928
397,2.1971618504412005
398,-0.7463227850279444
399,-0.8752671809596198
400,0.5920859721869116
401,-0.583990003323049
402,-0.20204175338674774
403,-0.5546627147865899
404,0.4837510135870951
405,0.29265225752971874
406,0.08532033655730259
407,-0.4993232343856997
408,-0.029331234300166986
409,0.2642830131385991
410,-0.3238628999872638
411,0.9781868460096779
412,-0.013344883653516104
413,0.5289965195913902
414,-0.7289612113734683
415,-0.5422884486779722
416,0.07832785248246271
417,1.155584655653027
418,-0.3465794544813742
419,0.5211570017709304
420,-0.22342349747387502
421,0.3488839910075833
422,-0.4228063197804648
423,-0.11690042722191071
424,-0.8245708187108054
425,0.2105969633291544
426,1.7052248403380683
427,-0.36227824291854227
428,1.0529226203561546
429,-0.5158700851451139
430,-0.6622573660781896
431,0.2729511183227808
432,0.02240252520882463
433,0.4832859827615082
434,0.2641550742863082
435,0.9269448207610369
436,0.7123938297955945
437,0.3314537229146827
438,0.5780325670730146
439,0.5947911167010622
440,-0.5390934266532921
441,-0.8072345400197266
442,-0.9573815104250469
443,0.3291806419952324
444,-0.27808523064486135
445,0.9588159806115224
446,0.2222274845615833
447,-0.40818804433684075
448,-0.1130898451536548
449,0.27977607341127725
450,0.070193382832958
451,-0.18887760937775194
452,-0.10758672769282163
453,1.6619344962790428
454,1.432294615525089
455,-1.2399964460274668
456,0.06599719770433937
457,0.433465939955706
458,-0.5240372507903591
459,0.16853783249463117
460,-0.45890261090967077
461,0.566055892780482
462,0.32345981338376845
463,0.1676158893275485
464,0.2695678171373634
465,0.6290586566675873
466,0.600973819371841
467,0.2541224734736394
468,-0.008650840255218062
469,0.8551457735056012
470,-0.0898944003581498
471,-0.4568061877255986
472,0.5980352895012899
473,0.45264592844828383
474,1.4801499524443944
475,0.8136109381687393
476,0.965456116804547
477,-0.45126237552069703
478,0.38820696882069167
479,-1.6119799089227613
480,-0.7046207108767528
481,0.5139972588677859
482,-1.1914084533187157
483,-0.5088986594281881
484,0.40252823330256576
485,-0.5266882944764992
486,0.7032167042134185
487,0.043281516528787145
488,-0.1636885978573413
489,0.0584441682312668
490,0.5610894578611272
491,-0.6005977002683169
492,0.4715504980090422
493,0.7475587099746872
494,1.5513019256106164
495,-0.16966759822726266
496,-0.3320755308962634
497,-2.376113226459195
498,-0.14653814062695147
499,0.3826193845840215
500,-0.012248772839883737
501,-0.1834735414731572
502,0.3194554277454614
503,0.23910706338225524
504,0.0037664850126538085
505,-0.4086409647761924
506,0.899305691755339
507,0.69653756811794
508,-0.2675980891493167
509,-0.54237537348266
510,0.49760734621358155
511,-1.4816467169692003
512,-1.692150889118301
513,0.06836434730454127
514,0.27538025397393034
515,1.1872917406879218
516,1.642886578497626
517,0.6315242154465242
518,0.24714409023311684
519,-0.3926885414658171
520,-0.541732124073589
521,-0.5925978430211252
522,-0.30443674238907237
523,0.11317388289195657
524,0.4761840902310788
525,0.2690787160027393
526,1.127353967545059
527,0.3550025988905339
528,0.5792897292141588
529,1.254373268929035
530,0.9838484956934292
531,-0.18825676995135388
532,1.3400848885161525
533,0.4748133167421225
534,0.2639952005143788
535,0.7033578082036085
536,1.3348286430053413
537,0.9127370005802424
538,0.7078474567245847
539,0.3813023631781513
540,-0.045323852179810664
541,1.6910267178729965
542,-0.3529249622403941
543,-0.3061542864416943
544,-1.8924943865160648
545,0.433465939955706
546,-0.09572674181236082
547,0.7666966424093047
548,0.34093822191630146
549,-0.1050515745058862
550,-0.3839249555577181
551,-0.7769271831671681
552,0.9980954392095518
553,0.49960407893309683
554,-0.3578152860554214
555,-0.7564205167396509
556,-0.12760170735862278
557,0.48075914646851253
558,-1.76502156510717
559,-0.2585163428259569
560,0.7248766708539338
561,0.41355700152915825
562,-0.97416649414091
563,1.3974132696162211
564,0.08382416458395342
565,0.7872568151556474
566,0.9485550510995884
567,0.026811436706409786
568,-0.7046207108767528
569,0.9487467651994534
570,1.3440702031790002
571,0.21603453247363974
572,-0.9964435640418108
573,0.35803568070994923
574,0.49706359697625097
575,1.162068540282477
576,0.8847311039113848
577,0.14375547661573912
578,0.6625265607986337
579,1.3805943250091735
580,0.5196328600203846
581,0.9999997806541745
582,0.9315596524215768
583,0.18484494035432592
584,-0.06926888143425045
585,0.15951810231333863
586,0.8277808456682378
587,0.26101970689178305
588,0.927242708405736
589,-0.7862814223829838
590,-0.43070966831580704
591,0.7033578082036085
592,0.22583961801748048
593,0.5373341677061452
594,-0.6423839856519142
595,0.32119352249973615
596,-0.4982700811733861
597,-0.09075675210906148
598,0.27781547568234194
599,0.36598962120556616
600,-1.7093612898050319
601,0.7353846832252704
602,-0.09585345221361097
603,-0.02882953530524668
604,0.1027855163465099
605,0.47339733200572404
606,0.7033578082036085
607,-0.3494274201863664
608,-0.21066790082595288
609,0.6188416606114038
610,-2.7214085917076405
611,1.3846071703963962
612,-0.032951738907498807
613,0.8667865567176476
614,-0.6292504962995278
615,0.04849527049915331
616,-0.5348550463018007
617,1.6676570192159694
618,0.8257273026250878
619,1.5255778171282388
620,-0.2365970895128891
621,0.027486510358624983
622,0.5350465204296313
623,0.8539154683376264
624,1.2045077807798892
625,0.8330542449446463
626,0.6144303103882152
627,1.098766922306033
628,0.929352051787119
629,-0.7798177735609242
630,-0.5679090419867905
631,-0.39355925587885277
632,0.23933091368875686
633,-0.36657425140787797
634,0.39567827173243625
635,-0.7497635404869007
636,0.6550033716903143
637,-0.863702430223162
638,1.6145932816975384
639,0.011367848456385887
640,-0.5803820127871928
641,-1.616573627135283
642,0.5149593220673105
643,-0.6289910005041721
644,-0.07402091503738867
645,1.1030565880785563
646,0.16073763587490103
647,1.1815734358183843
648,0.37552186571609086
649,0.6969612050990937
650,0.053924610369390336
651,0.5411955737367897
652,-1.048556919484197
653,-0.48482336416807015
654,0.035093805296867175
655,-0.1918025138502243
656,-0.4113457565602266
657,-0.09117258629207259
658,0.4655370836746721
659,-0.485137482456805
660,0.8168381907984943
661,1.5607957793815255
662,0.294934546662675
663,0.31586828836430975
664,-1.061683570433409
665,-0.30159624056578327
666,0.16897774436984847
667,-0.2932865476417347
668,-1.5370403156931325
669,0.05190767277604558
670,-0.28057701363515136
671,-0.2785724142306357
672,-0.1842488886217169
673,1.522464837233037
674,-0.045111017960397515
675,1.4011424580525877
676,0.35801332926891966
677,0.5737265563347762
678,0.006481012300657341
679,1.0610463751835841
680,0.5409690702511165
681,0.5737964528972899
682,0.5654142396609443
683,-0.9999999705181173
684,-0.8582658828477308
685,-0.9156674809367737
686,-0.47023120444343963
687,0.04878896635006541
688,0.9175888520192517
689,0.1313063177248066
690,1.1644273892392527
691,-0.3234673204215882
692,0.3635154576806197
693,-0.762318804694502
694,0.40115949773984166
695,0.29981245379888793
696,-0.381670921387545
697,1.0589371899182873
698,0.2998695590297055
699,1.293501732147675
700,0.1176350202190532
701,0.2167671707340883
702,0.36564966207854904
703,0.11074163180765378
704,-0.22315609769702044
705,0.3798190812997791
706,1.1838081566586254
707,0.2146438002129099
708,0.6172559315488371
709,0.985794593959505
710,0.38772421808502583
711,-1.1177891501269124
712,0.7714568261435728
713,-0.010105729197624425
714,0.3081505680211985
715,0.9685183086658578
716,-0.09609570202133647
717,1.0089363438904937
718,0.3282928015185527
719,-1.469667203622252
720,0.4173863646351956
721,0.35013535687507397
722,0.4625700554025048
723,1.0404625264453466
724,0.5397586747229266
725,-1.2142427718109337
726,-0.11493319219708809
727,-0.004072905685032879
728,0.07705006080118681
729,0.9999997806541745
730,0.03398617591058828
731,-0.7748256579894812
732,-0.277276042283424
733,0.1865581492473099
734,-0.5313427622578402
735,0.4002256655895698
736,0.4125737604783662
737,-0.12214604026205586
738,-0.039485291028272196
739,0.9304822227669336
740,-0.43887881399947754
741,0.47007429512015747
742,-0.8591589170608831
743,0.9381763139069963
744,0.9781868460096779
745,0.3677436365250369
746,-0.05987616041788396
747,-0.627019708792863
748,0.9974298066201339
749,-0.7122219388139188
750,0.3561988478790024
751,0.031018309529134758
752,0.770480259735792
753,-0.41027022047985606
754,1.3000179633718192
755,0.5731647042140366
756,-0.7032988513383425
757,0.563274990620285
758,0.513717201467307
759,0.6554188135324577
760,-0.1898706809752538
761,-0.7000796072106328
762,0.553469532736385
763,-0.4520730999802319
764,-0.41287600562000804
765,0.5247294738825123
766,0.6944108960431135
767,0.9686900339470479
768,-0.5077072459870744
769,-0.3280554202610335
770,-0.33609453911033094
771,0.6026915792774936
772,-0.351356120137728
773,-0.38625049832972413
774,1.1524599904099047
775,1.7379469598387756
776,-0.677001501447231
777,0.27899098948333295
778,-0.06470707969367173
779,1.059549726845689
780,-1.00000034208935
781,0.925293987278951
782,-0.6518110355368238
783,0.35781727746325626
784,-0.07596667908321239
785,0.3239258425013381
786,0.47569262495471404
787,-1.1485651108696369
788,0.3814940861881673
789,-0.02137716165178899
790,0.3965337275237623
791,1.6246554754572344
792,-0.6273865974392624
793,-0.007584584026279484
794,-0.9121737283408755
795,-0.5947586943775378
796,0.06507104040278122
797,1.1101547855094687
798,0.758012820357497
799,0.39250887872398693
800,1.1908841636250336
801,-0.3127232684250608
802,-0.4061433067195849
803,0.5315643407825315
804,0.624862457468365
805,0.8273095671591206
806,0.17249679975075544
807,-0.9310546435395333
808,0.08125010194721899
809,-0.20657629769421876
810,0.7032353980551433
811,-0.09983439792633148
812,0.4874162116050231
813,0.5196848468898536
814,0.22583961801748048
815,-0.8095632789156038
816,1.2870138289147832
817,0.2681420468121643
818,-0.31574086319487954
819,-1.3388850393155365
820,-1.0421683407382065
821,1.4470398966934652
822,0.5051051824970869
823,0.5518343974642526
824,0.7627201733410172
825,0.15541852611329293
826,-0.22858545267905214
827,-1.299350148326966
828,-0.08169611366606327
829,-0.6616088120409069
830,0.6446503638528922
831,-2.264893258536463
832,-0.3260176555595835
833,0.6348895415539331
834,-0.3949386134137899
835,-0.36694305691292395
836,0.9148160382433341
837,0.2851418141874354
838,0.21439441186974556
839,-1.0947108083311488
840,-0.714298263871961
841,-0.26421808565116833
842,0.9838484956934292
843,0.7055363702834008
844,0.9013719597185446
845,-0.3262503932543025
846,0.6352386099468321
847,0.27813316801213644
848,-0.8824877540453078
849,-0.46548256672411403
850,0.9999997806541745
851,-0.5767009396649472
852,0.2724653798277297
853,-0.8918460964184527
854,0.2537217767211291
855,-0.6881660180313249
856,-0.3300984333177078
857,-0.5668689382495478
858,-0.0040999494701370875
859,1.3959772317324648
860,0.3503750896954169
861,1.3885047322980608
862,-0.20999665212006385
863,0.06234157035459459
864,1.0500787295391192
865,-0.3518102315974174
866,0.9838484956934292
867,0.5405948675798529
868,0.25333722036527134
869,0.7004531605592847
870,-0.07880863249624548
871,-0.6232326499131216
872,-1.1858667303402486
873,-0.4894500204278259
874,0.6290488228276263
875,0.03028815217143882
876,0.12623318990700327
877,0.7918060029579401
878,-0.03447292016383208
879,0.43137143536646133
880,-0.12577587758759395
881,-0.6007986933996057
882,-0.9999999705181173
883,-2.262574386622098
884,1.3746328901484124
885,0.18806067315045133
886,0.33404830024613724
887,0.03856598928985361
888,1.1674348047045033
889,0.8827712531235485
890,9.321493214148324e-05
891,0.706916942598653
892,0.7610613676358928
893,0.5648972884752586
894,-0.5137961704588285
895,-0.024222715716563703
896,0.7084437729197723
897,0.8937024259594726
898,0.3530569643422122
899,-0.07339983304286102
900,0.5041128492954219
901,0.7720889996660953
902,-0.3075124559501988
903,-0.4896029174975258
904,0.8815932258724475
905,0.7785421678453897
906,0.09345405383398986
907,1.5011704818608993
908,0.4752714017907809
909,0.2591988828558716
910,0.20688163386991715
911,0.023038740599885532
912,0.8498972142458125
913,-0.8255280548145216
914,-0.5271505679622942
915,0.8153658230279952
916,-0.19605780038542855
917,0.49843372954012527
918,-0.4927797023068198
919,-0.17591216463621984
920,1.2851013256295656
921,0.19084498582561854
922,0.14766472710536727
923,-0.11466292522792476
924,-0.4401698921475097
925,0.046104487637612934
926,-0.6465826839404093
927,0.8884613968641921
928,-0.4046231129073621
929,-0.22295508711697043
930,-1.0949055486819042
931,0.6276245009417525
932,0.8742871834468371
933,-0.09089881870945224
934,0.264724329267995
935,0.6202417033708272
936,0.45606444739455704
937,0.6844890752816797
938,0.5905146348690717
939,-0.9999999578949001
940,-0.20238953366716173
941,0.7251784200444067
942,1.4555983954864697
943,-0.13862858135152686
944,0.433465939955706
945,-0.8725033503716229
946,0.04716577571024344
947,-1.1025126678988146
948,0.1809038804391837
949,0.21117777316402847
950,0.8625872078072816
951,-0.4129475904457116
952,0.9467064993844638
953,1.2621084144494596
954,0.8398894039704143
955,-0.03349256321894173
956,0.8847311039113848
957,0.2911537282563604
958,0.3608643088724351
959,-0.4513751770969149
960,-0.6052505489040338
961,-0.03584276186600638
962,-0.4796099529525548
963,-0.09315634562694763
964,0.7962861280339404
965,1.112966357171319
966,0.7686248594655138
967,0.03923627376982364
968,1.2487692366335947
969,0.07585862228255152
970,-1.445103094804334
971,-0.29172782405252623
972,-0.39167555711836544
973,-0.9999999705181173
974,-0.04812718961433943
975,0.5184706239831081
976,-0.9581613265100686
977,-0.8392918318140918
978,-0.476325626512928
979,0.91792019336177
980,-0.4645293451196225
981,0.7930057106002975
982,-0.584711313241765
983,0.45270616295945737
984,-0.7666012844640429
985,0.24976859336239327
986,-0.13861356761431642
987,0.4923563204361339
988,0.6575205216483011
989,0.451494283218734
990,-0.24582535372544548
991,0.8460207172651075
992,0.28590545504802706
993,-0.5638883900682751
994,0.027814994962571782
995,0.16392645365495295
996,-0.2391107259479952
997,0.3596823479699894
998,1.1265676565184939
999,-0.8599080534555903
1000,-1.0016171371631437
1001,-0.2871136336273344
1002,-0.8261048309675232
1003,-0.019119132733776023
1004,1.6890828907594555
1005,-0.7514680138806447
1006,0.993500419414217
1007,-1.2031786713613948
1008,0.2515033021919792
1009,-0.11913909864372663
1010,-0.1753641159882951
1011,1.0104710873117164
1012,-0.3075146900267379
1013,0.9999997806541745
1014,0.3025653306154101
1015,-0.1650633118077719
1016,-0.03584276186600638
1017,-0.02732074686121283
1018,0.15285523269799528
1019,0.2510451696162493
1020,-0.7028690903490151
1021,1.2653638937118616
1022,0.8780712916182927
1023,-0.6747640873036393
1024,-0.0793220252207048
1025,0.6446246985836686
1026,-0.743432612735246
1027,1.1537369003999214
1028,-0.31453375105977166
1029,0.48734647361223943
1030,-0.7408702260849445
1031,0.3356045871504593
1032,0.09803611845411303
1033,0.13429499644800247
1034,0.5292199145965555
1035,-0.44224333931015686
1036,0.4539925833764971
1037,0.45984208912720187
1038,0.5311065733825149
1039,-0.46307976796511774
1040,-0.8705509150643043
1041,0.42751412926208515
1042,0.8518026769447409
1043,0.15420452780109578
1044,0.9039895896263264
1045,-0.8501209905508813
1046,-0.37591882703984797
1047,0.3267124825903767
1048,-0.007590711144986384
1049,0.15035021956459477
1050,-0.1440745736287227
1051,0.5232850942043135
1052,0.9523974119264236
1053,0.41749907123566926
1054,0.9546793351896523
1055,0.8239571048867971
1056,-0.049936617744772205
1057,0.8267199434805161
1058,0.3455873708094788
1059,0.3569566735475073
1060,0.6469569865039566
1061,0.25516541320023084
1062,0.4913380839311828
1063,0.9838484956934292
1064,-0.12759249733596728
1065,0.09326859489380801
1066,-0.305192834034487
1067,-0.9385862587660883
1068,0.5609172995149365
1069,-0.5393757921279747
1070,0.7289757104613028
1071,-1.6097097708579544
1072,-0.9426344032265768
1073,-0.09826583252956178
1074,1.2237290035979385
1075,0.7763225098745359
1076,0.3849300192659367
1077,-0.4050047277837737
1078,0.4472472010992505
1079,0.5295432614377835
1080,0.6360116056208467
1081,-0.16741523940507827
1082,-0.7265642584062884
1083,-0.9999999705181173
1084,0.925293987278951
1085,0.7481478338248502
1086,0.46078077909263754
1087,1.0014402490349352
1088,0.28087183696049794
1089,0.8662431550058436
1090,1.0740423451272108
1091,1.5796364377719347
1092,0.17450918823067735
1093,0.2642830131385991
1094,0.008023054407314656
1095,-0.6704822368058958
1096,0.4637133047887055
1097,0.0173566642042709
1098,-0.19392698710534795
1099,1.5411899900827069
1100,0.33163261962330265
1101,0.9995958190209939
1102,0.7178520317935537
1103,0.59789337305696
1104,0.28967672307717135
1105,-0.4571929686195244
1106,-0.7289612113734683
1107,0.8482694383820326
1108,0.0005872577929490475
1109,-0.2096260339929177
1110,-0.2371532348922585
1111,0.3732738957271649
1112,-0.4494365715283448
1113,-0.6219610546463004
1114,0.2902788321261259
1115,0.6015272243127827
1116,-1.0727924967477818
1117,-0.18105351146374427
1118,0.20738223180332266
1119,0.29416300012903224
1120,-1.4193920416677774
1121,1.376809672497951
1122,0.2960586204644345
1123,0.3247022677759404
1124,0.4957088166326395
1125,-0.6103509708449764
1126,-0.42728188252372257
1127,0.23356021485661677
1128,-0.21208631954059293
1129,-0.9386065442228713
1130,0.6622864179612706
1131,0.6399613649291447
1132,1.064623166627453
1133,0.0699551038375793
1134,0.73963431175432
1135,0.08953418446239031
1136,1.3746964350376127
1137,0.2129373148500429
1138,0.6451956527603968
1139,0.41216365622760937
1140,-0.8054206103891737
1141,-1.0333600349408851
1142,-0.32837027598948937
1143,-0.03498110259245185
1144,0.9781868460096779
1145,-0.8563743385675513
1146,0.6087118129045346
1147,0.2271699066272626
1148,-0.6230078289520361
1149,0.7217470401276893
1150,0.6709305946814597
1151,-0.8696775928403511
1152,0.23032187109518737
1153,0.2525779317308024
1154,0.14338810282946657
1155,-0.3795792626204577
1156,-0.9580887149698221
1157,-0.03584276186600638
1158,-0.5400646973549698
1159,1.3964502467832538
1160,0.10342811984190137
1161,0.18497738777108408
1162,0.02893773738855976
1163,-0.47319151917154106
1164,-0.27648398911340005
1165,-1.066610158153079
1166,-0.9999999705181173
1167,1.198925454663454
1168,-0.15891242005294837
1169,0.7609280252891115
1170,-0.3921782354719083
1171,-0.16312039328478417
1172,0.7187133896285982
1173,-0.012566246252545488
1174,-0.23522056769423316
1175,1.5037701371968157
1176,0.8023071961808776
1177,0.645528585222942
1178,-0.9028913147846711
1179,0.19650218821714144
1180,-1.126407445682562
1181,0.8847311039113848
1182,1.035479359047724
1183,0.1676755013354484
1184,0.4532264088023685
1185,-0.31127775174369443
1186,0.9999997806541745
1187,-1.5076219268253572
1188,0.7712574557636687
1189,0.06106203627239776
1190,-0.9667032860434526
1191,0.3993495843420512
1192,0.7419545458608874
1193,-0.3488547834401764
1194,0.9999997345962601
1195,0.5041914855394733
1196,-0.6839373652869369
1197,-0.871032923082252
1198,-0.6680144039796951
1199,-0.2695337594881262
1200,-0.10139163860990319
1201,0.610072419811222
1202,-0.21345202982886533
1203,0.5458723972807622
1204,0.3711263704506131
1205,-0.08783572266047002
1206,-0.06721003862711519
1207,-0.4341743845784375
1208,1.1430119644156909
1209,1.1310243033065615
1210,0.9999997806541745
1211,-0.4220069999646987
1212,-0.43304713755409113
1213,1.2988478504229537
1214,0.810806961972856
1215,0.31823570633923276
1216,0.7506892171326527
1217,0.3055568814830452
1218,1.6949191961020138
1219,0.5904934608264905
1220,0.07158378953223388
1221,0.1566534759382917
1222,-0.07870488379881721
1223,0.7177307195144731
1224,-0.03584276186600638
1225,-0.018853995953799496
1226,-0.4937713211984403
1227,-0.4004320611123662
1228,0.5847152486786755
1229,-0.9467998670536617
1230,0.6335641492740522
1231,1.3658394548816013
1232,0.7443445385884164
1233,0.9492531385452769
1234,-0.3420965927650662
1235,0.6882711997286135
1236,-0.8269254612643422
1237,0.7322449763856476
1238,-0.14413354883796206
1239,0.07859712656269507
1240,0.4103448136069066
1241,0.197301432652165
1242,0.8764562043266617
1243,-0.677001501447231
1244,-0.7071612036709787
1245,-0.3275617287986357
1246,0.14679453080811777
1247,-0.6341569923873107
1248,0.41348656126382893
1249,-1.50317428703696
1250,-0.8130169715627404
1251,-0.6752899509917167
1252,0.48112301046474687
1253,-0.03584276186600638
1254,1.0142827643714014
1255,-0.19593805813128734
1256,-0.5940632902855275
1257,0.6344181642299904
1258,0.7887698190661177
1259,-0.08963119899399827
1260,-0.38999716051326283
1261,-0.6473731278413066
1262,-0.06959588725189433
1263,0.17333477082042337
1264,0.5994334348950368
1265,0.87112266850197
1266,0.6773820693265213
1267,-0.5671668729351971
1268,0.1848814760921465
1269,0.05789183928051994
1270,0.1048883938253019
1271,0.7916690403420867
1272,0.051092058285063635
1273,0.13201318264005568
1274,0.3948194960183034
1275,-0.13551407347054847
1276,0.4278570313290812
1277,0.13818896624704602
1278,-1.4192073959374842
1279,0.2961861518132242
1280,-0.45799142539494164
1281,0.12050870084980625
1282,-0.9999999705181173
1283,0.051063353604053785
1284,0.3628208002727982
1285,0.8366758828024723
1286,1.240655524629167
1287,-1.2595408837445095
1288,0.15689919161156413
1289,0.15638757730484626
1290,0.862615533112632
1291,-0.07644808708969847
1292,0.6299741270928045
1293,0.2627627722659877
1294,0.1823544250619641
1295,0.4526133516156012
1296,-0.01883402501919995
1297,-0.5611634954115718
1298,0.29549047001458834
1299,0.21901514177302311
1300,-0.1648863536660985
1301,1.0753358457539879
1302,-0.5091233379730149
1303,0.5567164774698075
1304,0.45396243467759995
1305,-0.46753788111109196
1306,0.6768545613856318
1307,-0.6694827070786096
1308,1.161920606050212
1309,0.9180282990697202
1310,0.4391780362746797
1311,-0.3167376663629247
1312,0.15535191860040037
1313,-0.9999999705181173
1314,0.25913183935778156
1315,-0.506515877186124
1316,-1.0433991152564046
1317,-1.15635357945189
1318,0.23213880844875218
1319,0.44926631698062064
1320,0.7021859470258109
1321,-0.20919733511128502
1322,0.33063585445170557
1323,0.1766506558766195
1324,0.7841944511109005
1325,0.3628282662858467
1326,1.011175395835065
1327,0.7442615889604309
1328,0.28198524204246916
1329,0.5829106215990636
1330,-0.8592327020105075
1331,0.8899039796442771
1332,0.24458978543450766
1333,-1.7804170647618789
1334,-0.7930421731829598
1335,-1.0030440801965488
1336,0.9312910706095743
1337,1.3815967216793141
1338,-1.006649954789973
1339,-1.099602238725934
1340,0.11822131285705023
1341,0.31507549785005934
1342,-0.46924187789536775
1343,-0.046013434985363255
1344,0.23085443010943946
1345,-0.38753523498429154
1346,-0.6522714306125729
1347,-0.677001501447231
1348,-0.2908383479319625
1349,1.2817389350819401
1350,0.09097339399103765
1351,0.34714449961493304
1352,0.8847311039113848
1353,0.17645929612502526
1354,1.415712112985502
1355,-0.3133323097521857
1356,-0.4540708432974136
1357,0.1795634026177963
1358,-0.39989597085104395
1359,1.1660302515912222
1360,0.5667289281829309
1361,0.09611793980841965
1362,-1.135220906746524
1363,-0.2860199078372924
1364,0.08789121194145072
1365,0.15271326875225133
1366,1.352089073247341
1367,1.5611445246843711
1368,-0.1394284976173676
1369,0.6577009018650062
1370,-0.4485339446630751
1371,0.3064952608757709
1372,0.45313765582053417
1373,0.6643473613242925
1374,-0.0564593769843697
1375,0.7496041240604119
1376,0.5401571946777706
1377,-0.2526811912252829
1378,0.5022851326134976
1379,1.2378373098675541
1380,0.9822335914554288
1381,-0.5168429666484908
1382,-0.9113946992907083
1383,0.7552612132213976
1384,0.4511623714847936
1385,-0.9306696554527607
1386,0.9011605924952719
1387,0.941787209108855
1388,-0.270595082578579
1389,0.10859170755816278
1390,0.8802251966070469
1391,-0.03584276186600638
1392,0.4492326343263608
1393,0.3243448218543829
1394,0.15073585915877447
1395,-0.19576306079650405
1396,0.20516567004813285
1397,1.1988872948203522
1398,0.016908975573133034
1399,-0.8936751057240777
1400,0.520749695383937
1401,-0.09608191781557535
1402,0.5200555867666847
1403,-0.3608613691174182
1404,0.3795537285192397
1405,-0.24687500772339532
1406,0.2899692977113902
1407,-0.2592192010658271
1408,1.4920317951106445
1409,0.3795037328585869
1410,-0.6599876318212337
1411,-0.6321607490113849
1412,0.3982194158800891
1413,-1.527057807857865
1414,0.1150403220393923
1415,1.0248461467239092
1416,0.16323441543166345
1417,-0.3659747978629593
1418,-0.5663085387888941
1419,0.5800632213708357
1420,0.2488615274684221
1421,-0.2605871412480687
1422,0.711583029906464
1423,-1.5342759274366766
1424,0.857394183531238
1425,0.900936855960246
1426,1.2625983348557608
1427,1.4809191833386268
1428,0.43301672997088975
1429,0.20295336329847963
1430,-0.08888972969215192
1431,-0.5302317147707267
1432,0.5047125236481715
1433,0.891052376729633
1434,-0.03584276186600638
1435,-0.9725887159515625
1436,1.5081332657145865
1437,0.8173030789516196
1438,-0.6957516924324885
1439,0.9380561972841064
1440,-0.7563592025976742
1441,-0.0990805461347089
1442,-0.008568515703260116
1443,0.21371725828311078
1444,-0.158120676371373
1445,0.6302488227930776
1446,-1.3318954191071146
1447,-1.162919219774141
1448,0.2493075416730623
1449,0.3588259086352639
1450,-0.28331714384925916
1451,0.537328067225048
1452,0.2976098873803517
1453,-0.6313828390676113
1454,0.3454365915614109
1455,0.10441049031958594
1456,0.9931449243512682
1457,0.5797765700947173
1458,-0.10054058461869275
1459,1.1015012976876892
1460,-0.14974663303997565
1461,0.4583233996230885
1462,-0.09808910647316246
1463,-0.14306312147889358
1464,0.4739297513086527
1465,-0.35534075787788516
1466,-0.9999996090042633
1467,-0.44540416010167844
1468,-0.7992291482245513
1469,0.3394107942459899
1470,0.009417551161844895
1471,0.1986930254245068
1472,0.2867347742461657
1473,0.3749567584815921
1474,0.325666977504625
1475,-0.7696267585388006
1476,1.7681621792713162
1477,0.15285523269799528
1478,-1.7739722527251478
1479,0.36168873087080183
1480,-0.03584276186600638
1481,0.4099274254588395
1482,0.3720819158226755
1483,1.757984231317204
1484,-0.15518866349927304
1485,-0.03986878913003522
1486,0.6458625195954348
1487,0.3910458695894042
1488,-0.7413898435206403
1489,-0.5134475799439714
1490,0.7690972353809602
1491,-0.03584276186600638
1492,-0.4250434116726399
1493,0.6887314781879241
1494,-0.5579756613295139
1495,0.8770703443527639
1496,0.14616507632216014
1497,-0.6808688604996949
1498,-0.10330522782792342
1499,-0.293777620206769
1500,0.8682592578233919
1501,0.2892307974724844
1502,0.11994351102691814
1503,-0.4318514207487139
1504,-0.27272184406215566
1505,-0.53767359431429
1506,-0.17869697436937113
1507,0.10921333761082636
1508,2.338940379767284
1509,1.12361205459836
1510,0.35544929203772285
1511,-1.1557612102428776
1512,0.06546183426038477
1513,1.2457424685032845
1514,-0.30014144319720226
1515,0.5830961505924079
1516,-0.34260586036208995
1517,-0.03974516191722427
1518,0.3584362480367334
1519,0.8847311039113848
1520,-0.7749010389437938
1521,0.7933544417297216
1522,1.548899699245872
1523,0.2086887342685521
1524,0.7429760961451364
1525,0.46993316028380266
1526,0.34407512324257
1527,0.7602148936596353
1528,0.9457946016925121
1529,-0.9090461286623726
1530,0.5098977152219697
1531,0.526433109494131
1532,-1.072906822861189
1533,0.2584251274037003
1534,0.19662824834316023
1535,0.5455291505952935
1536,-0.3024278393150468
1537,1.244300752688009
1538,-0.23719830028911806
1539,-0.17431140156141287
1540,0.16611390163570566
1541,-0.11069120825752854
1542,-1.207997524320842
1543,0.6246009269668105
1544,-0.0822760138589384
1545,-0.7029287527946473
1546,0.3696600274083412
1547,0.8057656354330118
1548,0.9999997806541745
1549,0.15362162597006324
1550,-0.34066168629311633
1551,0.6787718893036123
1552,1.1158488446669153
1553,0.2571351482032537
1554,-0.7675866333899004
1555,-0.00048051085299555263
1556,0.507076779505742
1557,-0.6970700510852531
1558,-0.03584276186600638
1559,-0.5338922096404599
1560,0.30880576889967576
1561,0.2641550742863082
1562,0.23167360113721652
1563,0.973782786942827
1564,0.5959269539514827
1565,-1.0920880670179227
1566,0.14975681527089146
1567,-0.18110219506242797
1568,0.5148977231427203
1569,0.87112266850197
1570,0.23297734554888044
1571,0.8129976217234072
1572,0.15285523269799528
1573,-0.5588448001191861
1574,-0.6269321451998986
1575,1.0700064971724343
1576,0.22095366575485326
1577,-1.2258413507180888
1578,-0.4101813455736456
1579,0.8850843800380883
1580,0.22302110294140803
1581,0.09801423968576878
1582,-0.3426208030433939
1583,0.23529440779371674
1584,-0.19799934756414958
1585,1.0276806039935256
1586,-0.006606520417051287
1587,1.5832070109006884
1588,-0.9999999705181173
1589,-0.41631164283574723
1590,-0.6513668728723785
1591,-0.6315275214681828
1592,-0.45679325406877197
1593,0.9849245400270108
1594,-0.03584276186600638
1595,0.3170121786734767
1596,0.15285523269799528
1597,0.5771806324882196
1598,0.9039537897013643
1599,1.789207935713117
1600,0.02220314099595344
1601,0.9999997806541745
1602,-0.07552344153746476
1603,-1.1854787713585846
1604,-0.03584276186600638
1605,0.3730384477871617
1606,0.3449772003827541
1607,0.8103354672453384
1608,0.02055096045233079
1609,-1.1102888604069052
1610,0.2807731414228091
1611,0.22583961801748048
1612,-0.048871523827405394
1613,-0.3364898184468546
1614,0.2669364559707392
1615,-0.9557031883339213
1616,0.4932021338767098
1617,0.433465939955706
1618,-0.03584276186600638
1619,0.06366088429558431
1620,0.7067567495734812
1621,0.5982224107347529
1622,-0.14314890916231052
1623,0.06276859594795375
1624,-0.11216663753651696
1625,1.1011404937070406
1626,0.06376218076838164
1627,1.5352513096072327
1628,1.404870078210272
1629,0.16195201632094192
1630,0.7845959266993003
1631,0.03631534502758588
1632,-1.9283504911584093
1633,0.1477424841633162
1634,0.3645608733002395
1635,0.3905100659766298
1636,-0.5996663300444709
1637,-0.5116310485599922
1638,0.019570272952100842
1639,-0.409661983223991
1640,0.4261597251312121
1641,0.8657452129710725
1642,0.40281358014931185
1643,-0.5425752261553309
1644,0.5189019209689654
1645,-0.21113962810215048
1646,0.7841157631729407
1647,-0.17692319568621276
1648,0.5047125236481715
1649,0.4716326376419377
1650,0.3792204845128518
1651,-0.8106689308456236
1652,0.15285523269799528
1653,0.3994315983447005
1654,-0.5104161251581666
1655,-1.1237057001295576
1656,0.5047125236481715
1657,0.9838484956934292
1658,1.353601781790711
1659,-0.2773002077904567
1660,-0.10894381730693117
1661,0.45236355660759503
1662,0.45634045616076974
1663,0.5415364827030338
1664,0.5580652724772843
1665,0.25369080638641056
1666,-0.8403398862821561
1667,0.44607940684552655
1668,0.20042536758151225
1669,0.6857366368876128
1670,1.3194185577924573
1671,1.2837959739814484
1672,-0.06433625037875171
1673,1.234893787501063
1674,-0.7662774061797026
1675,0.6071193788407663
1676,-0.18175202288426534
1677,-1.1008342661165966
1678,0.5803950872936057
1679,0.21900626818374241
1680,1.3970658859990464
1681,0.34088678611310413
1682,-0.946292360659587
1683,0.4611335922200451
1684,0.40099380104599575
1685,0.9999997806541745
1686,0.5290554928260935
1687,-0.6857326607451033
1688,1.0507918333850481
1689,-1.1206640339788172
1690,-0.28188101542343574
1691,0.6957743607322107
1692,-0.8464020790307625
1693,-0.7722807840621132
1694,-0.7042729009105182
1695,-0.6568489689117305
1696,0.31826199528786864
1697,0.8045985067837098
1698,0.8962710424531197
1699,0.7146477279669363
1700,-1.010796500428728
1701,-0.08436425813586002
1702,-0.5286752025867069
1703,-0.2948784149945039
1704,0.5897683457062228
1705,-0.6164805029454912
1706,-0.456390644947629
1707,0.3064332961469964
1708,-0.23272272466545696
1709,-0.5531858065835167
1710,0.16505662304616436
1711,0.2641550742863082
1712,1.0076737493081334
1713,-0.2651933870478482
1714,0.06673771863425504
1715,0.32104516758382046
1716,1.187946179523014
1717,0.8748282074502287
1718,-0.9624617021317696
1719,0.6321269273832095
1720,-0.4607498287483735
1721,0.024132436766379828
1722,1.1641368607962834
1723,-0.824784674293283
1724,-0.9433916127401192
1725,-0.562023003901257
1726,-0.7236664238208693
1727,0.2188528721447735
1728,-0.018812610270248997
1729,-0.8296630196326693
1730,0.22583961801748048
1731,0.925293987278951
1732,0.3795037328585869
1733,-0.2608508470510092
1734,1.320476462744802
1735,-0.03863339694884799
1736,0.07819186297456537
1737,-0.6330832907498674
1738,-0.18996640096699183
1739,-0.023903680093532553
1740,-0.40565634598628314
1741,-1.2258413507180888
1742,0.9717624331304549
1743,-0.11467480594988394
1744,-0.0878783605007559
1745,0.2924700933726703
1746,-0.5943035406873702
1747,0.9372568690035394
1748,-1.1173278718544097
1749,-0.03500384035654147
1750,-0.2191251468796031
1751,-0.2482726206498423
1752,0.1873902137649675
1753,0.749489318059207
1754,0.27609927109587235
1755,-0.36746446751649003
1756,-0.04380421189048589
1757,0.925293987278951
1758,-0.5354753766016437
1759,-0.35180716005489043
1760,1.0216310469930812
1761,-2.0547923368030534
1762,-0.03584276186600638
1763,0.3397303852687605
1764,-0.31660879970288025
1765,-0.5759864909817622
1766,0.7999345714120842
1767,0.032945183907618414
1768,-0.03584276186600638
1769,0.15230324412186175
1770,-0.325304220265623
1771,0.027787145994492723
1772,-0.21850111539956443
1773,-0.8025791764962464
1774,-0.3739587244837864
1775,0.4837091080869163
1776,0.8847311039113848
1777,0.0010259002826589758
1778,0.19625026693917663
1779,-0.4948206504331031
1780,0.14845373172300386
1781,-0.8842360810006271
1782,0.33962525881621114
1783,1.5624989527307833
1784,1.2387259700587794
1785,0.7197228626152274
1786,0.7184857782931378
1787,-0.4095696440481071
1788,-0.80768905700804
1789,1.7023869777907432
1790,0.7903554568934876
1791,-1.436340442625589
1792,-0.9304533034616476
1793,0.9016153758149956
1794,-0.2923897529663806
1795,-0.9956306141835878
1796,-0.8576619412197455
1797,-0.31089348442650777
1798,-0.6302055467131624
1799,0.8792684419141636
1800,0.9853177281618588
1801,-0.21674290083562187
1802,0.540149312735738
1803,0.5270609269123487
1804,1.1194317791342152
1805,0.4606185596311359
1806,1.6119676275647048
1807,-1.7202646332644598
1808,0.14353831473410983
1809,-0.8733443778756751
1810,0.6669837635071727
1811,0.0024472430651305555
1812,-0.707735143566099
1813,0.12077234975882084
1814,1.1516547343415704
1815,1.5709067061916264
1816,-0.14826382753005476
1817,0.17086689793533522
1818,0.5599676627872956
1819,-0.22680499681746505
1820,0.04265087719801891
1821,-0.993014493250189
1822,-0.35426573966283814
1823,1.92110019725158
1824,-0.5611292356952451
1825,0.1676158893275485
1826,1.5679131087239733
1827,0.17452945703812411
1828,-0.6246817632908517
1829,0.7343676276910527
1830,-0.024537753832904963
1831,-0.2984673539869605
1832,0.3968523152699008
1833,-0.35140681458292017
1834,0.36047233873473267
1835,0.549112035389647
1836,-0.2029099092176383
1837,-0.045979805798324225
1838,0.3501212478791494
1839,-0.8376821029661579
1840,0.9999997806541745
1841,-0.7032855537787005
1842,0.6085094312183046
1843,0.06479785973932378
1844,-0.48298556254647496
1845,-1.219823970356209
1846,-0.745155113118529
1847,1.1931954300029715
1848,0.21322505154569665
1849,0.9492905677115373
1850,-0.6655584428776
1851,-0.5400779873014027
1852,-0.27778131079748913
1853,0.31507549785005934
1854,-1.251113547329574
1855,0.08007118082613368
1856,0.2595782548373016
1857,0.49687219987202386
1858,0.13983530472549188
1859,-0.09104335970400024
1860,0.2063413081244117
1861,1.3596651653605498
1862,-0.502628185840275
1863,-1.2258413507180888
1864,-0.06196621351081663
1865,-0.6491753075123124
1866,-0.9002147791596609
1867,0.4417734832150823
1868,0.4639719396399273
1869,0.7287407520988696
1870,0.1668640014119766
1871,-0.09315634562694763
1872,-0.7658847197279723
1873,-0.9771449333474986
1874,0.2657169282118715
1875,1.1896722423228534
1876,0.7725532660019578
1877,-0.7452653402852037
1878,0.642180670728183
1879,-0.10486519474178074
1880,0.7972259209665686
1881,0.8847311039113848
1882,-0.6297684681036447
1883,-0.1491179330043933
1884,-0.6358061581839837
1885,-1.0051965529213738
1886,0.47862455379534036
1887,-0.03191409853175714
1888,-0.9999999915029547
1889,0.9660228149446983
1890,-0.8102192959299905
1891,0.7055281808629745
1892,-0.6824991909752538
1893,-0.41903828929881726
1894,0.879199308283392
1895,-0.3685655623044195
1896,0.629648823473449
1897,0.9621884055641665
1898,-0.5327123187643017
1899,0.26043673493958447
1900,-0.4136223588622554
1901,-0.8746731135472716
1902,0.355875263192689
1903,-0.11123502606006391
1904,-0.09069059568946855
1905,-0.303993432761409
1906,-0.032069683351339806
1907,0.3743940098864554
1908,-0.11914872858441039
1909,-0.5249443764279283
1910,0.629648823473449
1911,-0.3703512606090189
1912,-0.07484470376921024
1913,-0.5102559800154778
1914,-0.23296627655098795
1915,-0.677001501447231
1916,0.6410724387058522
1917,0.6429988137908529
1918,1.518577659903865
1919,0.3795037328585869
1920,0.5523642491902954
1921,1.3311417066732676
1922,-1.3097757149924405
1923,0.2419816166836261
1924,0.2642160818898556
1925,-0.3095737894276341
1926,1.1235770678940484
1927,0.19025326399443226
1928,0.8827921773376204
1929,0.3472933084931738
1930,-0.3471849652437693
1931,-0.09294161644058718
1932,-0.9678925346366665
1933,0.5023216626876872
1934,-0.5654424222188912
1935,-0.5394471669739018
1936,-0.7993889993468781
1937,-0.9114410818920791
1938,0.45824857481105324
1939,0.9549415389722049
1940,-0.6374025403320978
1941,0.609162947009114
1942,-0.2361631375015807
1943,0.9215816730220885
1944,0.1736298608420877
1945,-0.26570475996118126
1946,1.1530205128793118
1947,-0.5184259855862436
1948,-1.0694897380934134
1949,0.18544381296734302
1950,-0.6438073391098236
1951,-0.7781419005808383
1952,-0.45642076186719593
1953,0.04831793427399372
1954,0.5567732408971267
1955,0.5347430214097082
1956,-0.03584276186600638
1957,0.4609193328254984
1958,0.7464604373245525
1959,1.2787084028970188
1960,-0.09706040136165303
1961,-0.7451189470634543
1962,-1.3714194659571828
1963,-0.35353464562258685
1964,0.20541444064344444
1965,0.5932572097176574
1966,1.005042945260137
1967,-0.24590346556688863
1968,-0.25981538915219193
1969,0.3846921726919675
1970,0.7429091284146847
1971,-0.6989166004743155
1972,0.6366355993757857
1973,-0.17471281761081342
1974,-0.9181354187725852
1975,-0.6658989120675245
1976,-0.23496299184516017
1977,-1.0920578845608675
1978,0.04537138902606608
1979,-0.031246600692621973
1980,0.3187352066363249
1981,0.5316137425546297
1982,0.7067261688217497
1983,-0.3263266806398598
1984,-0.033519872168656095
1985,0.22583961801748048
1986,-0.573517595300856
1987,0.1905932019984135
1988,-0.5000001216503552
1989,-0.3776977676692289
1990,-0.23186552417628112
1991,-0.2671740134965808
1992,-0.11093979435063539
1993,0.5520624745631495
1994,0.21532763574351382
1995,0.45207991166647016
1996,0.3299573994375214
1997,1.4136604360263054
1998,1.0177083547398627
1999,-0.10266530274112334
2000,0.9171484542597976
2001,0.1379741335030113
2002,-0.03584276186600638
2003,0.5472407430980601
2004,0.807139834730326
2005,-0.5089326072447369
2006,0.3729377540247339
2007,-0.6251479166488461
2008,-0.03584276186600638
2009,-0.35142207793211333
2010,0.8847311039113848
2011,-0.05278743814246012
2012,0.433465939955706
2013,0.22583961801748048
2014,0.20137813581123215
2015,0.8312212274257484
2016,0.06748813920335173
2017,1.4364360047287446
2018,0.044643871235540034
2019,0.3999675732521309
2020,-0.03584276186600638
2021,-0.3052582019829355
2022,0.15285523269799528
2023,-1.1178382265249207
2024,-1.042030349694457
2025,0.758038815801287
2026,1.4806692470306848
2027,0.7887698190661177
2028,0.7048473747219128
2029,-1.3985533001155592
2030,1.036905643876266
2031,0.7234292006409511
2032,0.1077975753773826
2033,-0.9999269505097144
2034,0.03378762923935713
2035,1.0285347315126931
2036,0.06091448448137421
2037,-0.48530367797745144
2038,-0.40752311775249245
2039,0.6234186250798477
2040,-0.012750221726080146
2041,-0.39176903620683773
2042,0.1755571549601493
2043,0.5397821242287706
2044,-0.40861967861105847
2045,0.873602707868895
2046,-0.8650799578529693
2047,0.7865194849508645
2048,0.3467891986256237
2049,1.3972598668174174
2050,0.1668813659209029
2051,0.33869491836364346
2052,-0.5783968521889225
2053,0.20603922116329226
2054,0.9838484956934292
2055,-0.7669391755577857
2056,0.6625478030274841
2057,-0.5700802006950684
2058,0.13699867034346774
2059,0.34983392811855446
2060,0.25285097356279634
2061,-0.07093187346745308
2062,-1.3919427450374628
2063,-0.20174894274644767
2064,1.2417112074590895
2065,-0.8724807602152442
2066,-1.2258413507180888
2067,-1.0940192358036314
2068,-0.6089367389018299
2069,-0.05521338556680255
2070,0.15285523269799528
2071,-0.24895996042604224
2072,0.6574092572020358
2073,-0.33792447721648
2074,-0.35427105322842595
2075,1.1999288962458876
2076,1.1347507667848094
2077,-0.05206614092209044
2078,-0.2245830032242239
2079,-1.2840874545034289
2080,0.7365677899185588
2081,-0.5924968686685869
2082,-0.6139887541519324
2083,0.9999997806541745
2084,0.8807510755350356
2085,0.5047125236481715
2086,-0.4990271317772197
2087,0.291659445411336
2088,0.4036224894019705
2089,0.9323878631830267
2090,1.0809920182446366
2091,-0.264983069261711
2092,1.725669052187511
2093,-0.25126589011931916
2094,-0.4268668659762295
2095,-1.1761574519176576
2096,0.8926098216483993
2097,-0.3105641387966968
2098,0.9999997806541745
2099,-1.7072847737304322
2100,1.09550285465569
2101,0.5018795511500518
2102,0.46597482791382433
2103,-0.21674290083562187
2104,-0.9999999705181173
2105,-0.3024936589118488
2106,0.6977546930659024
2107,1.0490958749461494
2108,0.9288231838452361
2109,0.2641550742863082
2110,-0.4518485122491382
2111,0.23407466979243258
2112,0.15537179065238155
2113,0.790072427317265
2114,-1.0766190247786427
2115,-0.22764765467938536
2116,0.7710053536956545
2117,-0.6763913889196191
2118,1.2995219319743008
2119,-0.3441291947401795
2120,0.00099310242312739
2121,0.8790339344643867
2122,0.07014886213227495
2123,0.8193193348367918
2124,-0.03584276186600638
2125,-0.015684671809661266
2126,-0.6252190343216646
2127,0.4890548606677482
2128,0.6260438966096404
2129,0.7976615140184686
2130,0.363809572439637
2131,0.5278679213155715
2132,0.10687637447964787
2133,-1.1038974162341464
2134,0.4526133516156012
2135,-0.4312073220364455
2136,0.9705315313034142
2137,-0.024246552390909004
2138,0.17568502815339027
2139,-0.2561266195627595
2140,0.24712035165303264
2141,0.017386533489542055
2142,-1.1702513771011456
2143,0.4737869082890906
2144,0.1676158893275485
2145,-0.44781441768500274
2146,0.2614932934706497
2147,0.4260869238728449
2148,-1.1539653960838883
2149,-0.0829761702445943
2150,-1.0311127622274812
2151,0.21902107821384192
2152,0.30735212290428066
2153,0.2865271363589132
2154,0.254516750232511
2155,0.06947368311461816
2156,-0.4185575852860416
2157,-0.7374322741627277
2158,0.299863462118748
2159,-0.47900413395452107
2160,0.4724370955874187
2161,0.11041669935022413
2162,0.02740930083896509
2163,0.09974836474858462
2164,-0.3787859010695109
2165,0.9999997806541745
2166,-0.9297314723622281
2167,-0.2602989762553914
2168,-0.03991972062603827
2169,0.8618649862846897
2170,-0.7428801600448777
2171,0.2173684237781794
2172,-0.5223639251451374
2173,0.15549356527750208
2174,0.0575332912521902
2175,0.7033825588244811
2176,0.9250752519004055
2177,0.0014966990588477502
2178,-0.1316109855697316
2179,-0.233338824603403
2180,-1.2902611483752227
2181,0.12872325877131002
2182,-0.03504426224847823
2183,-0.6423569887769311
2184,-0.8201133904482063
2185,-0.34094969190464075
2186,0.06276859594795375
2187,0.5072680817118902
2188,0.034249286778167354
2189,0.15285523269799528
2190,0.37399312281937064
2191,-0.7754111231816008
2192,0.12159177659050707
2193,0.48213147167272713
2194,0.15893056802112432
2195,-0.2650846418538591
2196,0.4727423635335331
2197,-0.6392528229754169
2198,0.03856902794124001
2199,0.7388087173856437
2200,0.6436140914806756
2201,-1.00000034208935
2202,0.8349757697366196
2203,2.4321732221313015
2204,0.3334943148746899
2205,-1.5357898265404446
2206,0.4886607698540432
2207,0.7199082790830209
2208,-1.465090786144712
2209,1.5276798058366914
2210,1.1759202964995799
2211,-0.08929950900981651
2212,-0.38893879151308675
2213,-0.5962229375373742
2214,0.575082396790277
2215,0.6601917802446358
2216,0.5800477039497915
2217,-0.019640988198473874
2218,-0.8411331401121314
2219,0.5543223991572834
2220,0.1608458175302961
2221,-0.5524155847349312
2222,0.07465032540166006
2223,0.8847311039113848
2224,1.7503797801103658
2225,0.6314317167529198
2226,0.49715447751155845
2227,-0.5425752261553309
2228,-0.7879228840792688
2229,0.22583961801748048
2230,0.5351807438066973
2231,-1.060676797191513
2232,0.15285523269799528
2233,-0.00362350733175526
2234,0.30960135994812094
2235,0.7602148936596353
2236,0.132777297087932
2237,1.3440604072092228
2238,-0.5071863499115898
2239,-0.3515172571247086
2240,1.6169019130860978
2241,0.7140064797424914
2242,-0.31755475061173233
2243,0.15815192214300328
2244,0.1901764387640898
2245,-0.3159408931540457
2246,1.2017236299747203
2247,-0.23743713154122761
2248,0.1488277911045333
2249,0.8611943635442998
2250,1.423162725881464
2251,-0.3821206350788121
2252,-0.045632678714372876
2253,-0.7746314494397202
2254,0.27759625725630893
2255,0.2583667325866081
2256,-1.0384475164677553
2257,-0.6132280408543684
2258,0.27220565600315877
2259,-0.2735025270551465
2260,0.8183101884531099
2261,-0.1531847246596062
2262,0.22908463231860704
2263,-0.3232985881533731
2264,0.22957360936121024
2265,-0.46887598023328647
2266,0.1841876375635984
2267,0.4328206842190027
2268,0.7216653736713301
2269,-0.9904847224167699
2270,-1.0103851177294136
2271,1.0714466947740242
2272,-0.25358382410941593
2273,0.0335689696735767
2274,0.07392336442648706
2275,0.41435056391880704
2276,-0.19955933939572063
2277,0.7745449693670936
2278,0.1455815033839296
2279,-1.6536761408437786
2280,0.19299718663275228
2281,-1.2294063322508277
2282,0.6896463115682008
2283,0.17858474920828987
2284,0.32288991178805576
2285,-0.06152473725567617
2286,-0.5566709339063176
2287,-1.0526196917970307
2288,1.0815343052779112
2289,0.2876949075089508
2290,-2.035369426648287
2291,1.099278358520562
2292,0.9999997806541745
2293,-0.17605122964889253
2294,1.2418224172824093
2295,0.32799318544879535
2296,0.3871825756312432
2297,-0.16270765526281528
2298,-0.3622276269511159
2299,0.6783643534879582
2300,-0.056286403118783246
2301,-0.6064109439506058
2302,0.18613946147692356
2303,-0.340170519333803
2304,0.012890267791021814
2305,0.03854925731581432
2306,0.314767138406623
2307,0.925293987278951
2308,1.2545286505102204
2309,-0.4154955509814815
2310,-0.4767096134805514
2311,0.3774638483412726
2312,-0.2831957861436726
2313,0.10140723977361571
2314,-0.5507970122097428
2315,-1.007809018723673
2316,0.22825300978367086
2317,-0.4131890456148499
2318,0.3397303852687605
2319,0.8456312247183733
2320,0.02209239198665769
2321,0.546112503895932
2322,-1.0966352900912295
2323,0.0212257928370696
2324,0.208362595363429
2325,-0.03584276186600638
2326,0.23018023551451366
2327,-0.02958802811664918
2328,0.30542205237634473
2329,0.12111222915262182
2330,-0.402492897128039
2331,-0.48189019934952015
2332,1.1473977808866698
2333,-0.5127664620235861
2334,0.12181214985923056
2335,-0.08358768700825503
2336,-0.8541546962735924
2337,0.28672881283709656
2338,-0.2227431774694959
2339,0.7190364691159041
2340,-0.08278955147409703
2341,-0.7334577580591923
2342,-0.4050047277837737
2343,1.0198297582622176
2344,0.5118712137701309
2345,0.9838484956934292
2346,0.76511609894408
2347,0.433465939955706
2348,1.1401394321751392
2349,-0.3335912199634149
2350,0.5245219470463316
2351,0.6825359156564541
2352,-0.44950138560414854
2353,-0.5333596318858053
2354,-0.5436512579976701
2355,0.7554602040988763
2356,-0.9780023370566364
2357,-0.28061302014588574
2358,0.1394507588588375
2359,-0.03584276186600638
2360,0.9016801636781502
2361,-0.5092644486089157
2362,0.39164701533865226
2363,0.4296396598078394
2364,-0.22406487760525606
2365,0.5740517383687234
2366,-0.7511292165280958
2367,0.24349397588897564
2368,0.6360116056208467
2369,0.6559263928039587
2370,-0.01883402501919995
2371,-0.1313350196101271
2372,0.22583961801748048
2373,-0.3060702798358639
2374,0.34608276005207267
2375,-0.24383092616140872
2376,0.10090382995980068
2377,-0.3619450140928715
2378,-0.24045757538113824
2379,0.36712417335748365
2380,-1.0543332395464133
2381,-0.583349563084552
2382,0.16462376864849504
2383,0.41484780365389456
2384,0.9999997806541745
2385,0.5985472607160587
2386,1.2430163880864258
2387,0.4873281601412877
2388,-0.4922617886186246
2389,-0.677001501447231
2390,0.8220377821982505
2391,0.12804004923705076
2392,-0.939622337889884
2393,-0.09657624920675345
2394,1.3913361342829433
2395,-0.8895221510841782
2396,0.7618312878124005
2397,-0.45890261090967077
2398,0.7839177326633753
2399,0.37180559588744483
2400,-0.5020573654945942
2401,-0.15446292918115911
2402,0.8847311039113848
2403,-0.5579347032614336
2404,-1.237028712391303
2405,-0.271477687026646
2406,-0.22515000386977493
2407,0.7426998469679937
2408,0.1957930821601776
2409,0.581831930539114
2410,0.3947177507758712
2411,0.7584189713490366
2412,0.9600405696571881
2413,0.033059554301169025
2414,0.09739388542533711
2415,-0.04977279501294413
2416,-1.7936137939155046
2417,-0.5014743085350081
2418,0.7436477560747468
2419,1.0573280879513045
2420,0.4615162112343442
2421,1.36610640397977
2422,0.3177647332123424
2423,0.21068044645550993
2424,-0.7402156236137842
2425,0.20092739980425495
2426,0.41572347842739515
2427,-0.03584276186600638
2428,0.34182735094333766
2429,-0.09985150828046921
2430,0.806478665527675
2431,-0.9999999915029547
2432,-0.25207722761707735
2433,-0.3320755308962634
2434,0.816389880725191
2435,-0.29742391594366324
2436,0.7227130996665438
2437,-0.5598941609016392
2438,-0.9999999705181173
2439,-0.28643631971800154
2440,0.7149657361036506
2441,0.8881024073957766
2442,0.7009814010314861
2443,-0.6702455584101088
2444,0.03523567800637889
2445,0.9383433201834632
2446,-0.4474944969440101
2447,0.4195425478955031
2448,-0.27603313120263806
2449,1.797737061136635
2450,-1.0022955490699177
2451,0.7920240344486265
2452,0.6024586209870677
2453,-0.19044797535332975
2454,-0.0366745683662556
2455,0.5312931716713627
2456,0.2770178784811255
2457,-1.0422778509405795
2458,0.5548047990622778
2459,0.3113702434929589
2460,-0.08586802975414148
2461,0.7286380822947174
2462,1.037140091244974
2463,-0.9999298322911392
2464,-0.07775239495603026
2465,-0.4118259648350644
2466,0.04762069621737902
2467,-0.8411132670382444
2468,-0.3318888629467505
2469,0.16179239898205544
2470,-1.4300724843833605
2471,0.005373100925968266
2472,0.6097139989471059
2473,0.9423984124872944
2474,0.04172881705526171
2475,-0.8486626208794901
2476,-0.5349999453807401
2477,-0.05286516758911036
2478,-1.2459111556397424
2479,-0.45890261090967077
2480,-0.9209413815314789
2481,-0.03584276186600638
2482,0.6768485251216325
2483,0.998707309973712
2484,1.2425221219601905
2485,0.1820535381720374
2486,0.522843214536135
2487,-0.4355780002414492
2488,-0.026530575487044517
2489,-0.32746692902737246
2490,-0.42118324546998254
2491,-0.3139880417513716
2492,0.6242490556479465
2493,0.009036618346722203
2494,0.3157337598427325
2495,-0.36522707846983515
2496,0.15285523269799528
2497,0.8300566468581172
2498,0.3085728306201449
2499,1.6414297517521415
2500,-0.8393555506943418
2501,-1.146428674549671
2502,0.6987712132944455
2503,-0.03496078925326601
2504,0.5358617391534717
2505,-0.9379950344928389
2506,-0.6284438146416751
2507,0.3005419728296626
2508,-0.5040843677178553
2509,-0.17795252883861956
2510,0.15237991601482448
2511,0.7226834984910562
2512,0.8768918665320473
2513,0.3994806819267716
2514,-0.06593228341833707
2515,-0.82542801558633
2516,-0.41980430136188845
2517,0.438685885581561
2518,0.09237524669451896
2519,0.9260170077347443
2520,1.036905643876266
2521,-0.6413699547303693
2522,-0.09874526887298846
2523,-0.06686102725935
2524,0.011860308318439261
2525,0.9999997806541745
2526,-0.22229784374828873
2527,0.08381652892122221
2528,0.12324213483052071
2529,-0.05015922351022173
2530,0.7290628412567353
2531,0.5655144722947647
2532,1.1489359845237175
2533,0.45171122548438364
2534,0.9903861107055774
2535,0.6007360109059741
2536,-0.7035131282463521
2537,0.6146794336673176
2538,-1.2137868442728503
2539,0.19438448701311312
2540,0.367283216395868
2541,-0.8012083760893757
2542,-0.05771324190511701
2543,-0.5982481903957029
2544,0.7864796926108264
2545,0.28155706222073934
2546,0.13755317933957606
2547,-0.35140681458292017
2548,1.4629372624621821
2549,-0.8918460964184527
2550,1.0850433064059146
2551,0.31981507221932365
2552,0.4637579592004894
2553,0.22783415491946962
2554,-0.003676124397738123
2555,0.019759997649885397
2556,0.7257469686668117
2557,0.22583961801748048
2558,-0.6638334179912881
2559,0.804274053479427
2560,0.38404355290725284
2561,0.1392281122644401
2562,-0.025878604686033035
2563,-1.0844073366068525
2564,0.6023453428959689
2565,-0.4505473990851608
2566,-0.6041424119134184
2567,0.4401243866511744
2568,-0.3566872447514332
2569,0.35436941372695413
2570,-1.0062746333215464
2571,0.04771193961418424
2572,0.06634880902427293
2573,1.3297141221714677
2574,0.09464390376362553
2575,1.2930542719652003
2576,0.7777936732258306
2577,-0.27044065844130416
2578,0.10292089061496523
2579,-0.5211923279893785
2580,0.4525402387577547
2581,1.0336463314881554
2582,0.6015980423655118
2583,0.05968787707661416
2584,0.6350333916285675
2585,0.13129825726105127
2586,0.925293987278951
2587,-0.10034223663034084
2588,-0.5494971696177011
2589,-0.9578158827336103
2590,0.7215311068176256
2591,-0.7067123249875393
2592,0.9833637868501899
2593,0.32808839285788655
2594,-0.450348490163749
2595,-0.03584276186600638
2596,0.3040577084707286
2597,0.18381245842478583
2598,-0.2998966714438538
2599,0.7812424145396502
2600,0.8086525593287834
2601,-0.048276053993180246
2602,-0.4936566455503003
2603,0.8847311039113848
2604,-0.29209240150092985
2605,0.2641550742863082
2606,-0.20727658454048303
2607,-0.21138977076888446
2608,0.02771671699028655
2609,-0.7972418130922374
2610,0.17934465493814494
2611,0.6937311747513992
2612,-0.2042059612823907
2613,0.20794866204897416
2614,0.33790002376891776
2615,0.09942060689781501
2616,-0.459130181983389
2617,0.9462991611559093
2618,0.13490773667507866
2619,0.435147993101288
2620,0.21008685182426673
2621,0.25902813563286836
2622,0.10666737628507711
2623,0.9376654633667738
2624,0.42745537422920027
2625,-1.3877080532874566
2626,0.18297771771585886
2627,-0.21507398780881457
2628,-0.5242131660535215
2629,-0.03584276186600638
2630,0.7190012555693961
2631,-0.2974109874380787
2632,-0.7660256094588871
2633,-0.11645587355143797
2634,-0.007040587008670385
2635,-1.0813657278721354
2636,0.5654777559986586
2637,-0.3965053474419817
2638,0.016566988491429124
2639,0.6284122135687527
2640,-0.23335384669490217
2641,0.04228023255964841
2642,0.7665163307575031
2643,0.24673044095365398
2644,0.30360678467160246
2645,-0.727488481302877
2646,0.2244474542894574
2647,0.15285523269799528
2648,0.7589954443918552
2649,-0.698519025941911
2650,-0.1494758744629196
2651,-1.0114302612397674
2652,0.8847311039113848
2653,-0.2935016479574937
2654,0.35710648874533607
2655,-0.14907480448114985
2656,0.4552768775245582
2657,-0.5125642538458024
2658,-0.35205972716517264
2659,-0.6166446658191
2660,1.3361244924360458
2661,-0.05955233683069727
2662,-0.577802873343187
2663,0.05340504017743236
2664,-0.5363045254135397
2665,0.4314667434142307
2666,0.8425047549287856
2667,-0.17197054450036767
2668,-0.2509292641860163
2669,0.20175181451816687
2670,-0.40843481917342156
2671,-0.677001501447231
2672,-0.44600753320520464
2673,0.4323293773031946
2674,-0.18450004676484916
2675,0.1844658624937256
2676,-0.49010044336187625
2677,0.08610542747947209
2678,0.22535373538324405
2679,1.008667042383597
2680,0.492199927013058
2681,0.5438149411086248
2682,0.8708853469931224
2683,0.40559878674853783
2684,-0.1377897837868694
2685,-0.32309685989490117
2686,-0.43803264507959594
2687,0.3761136158403418
2688,-0.06050197338603619
2689,0.4968017470702126
2690,-0.3459654713154412
2691,0.5905655463095425
2692,0.5732004894535225
2693,-0.3087704633227555
2694,1.4424049759763047
2695,0.8847311039113848
2696,0.040006323928199694
2697,0.1787137862225257
2698,-0.4872068557973533
2699,1.1794421442388123
2700,0.6824278532824155
2701,0.8792324062844732
2702,0.21568770941066379
2703,0.7584582675621949
2704,-1.3949138821938354
2705,-0.33745802804930947
2706,0.8847311039113848
2707,-0.2783055625003532
2708,-0.6927433190059267
2709,0.9719691316069119
2710,1.3163958575446373
2711,-0.40353704396184614
2712,0.48144800045534125
2713,0.6673307507507857
2714,-1.3039458684746097
2715,0.29315494617052146
2716,0.37388173882521586
2717,-0.7367188856585498
2718,2.2460596237064605
2719,0.17675660847904034
2720,0.925293987278951
2721,0.23227339881417214
2722,-1.63290783469743
2723,0.6943258691503207
2724,0.49431583382328664
2725,-0.2551665921498065
2726,0.5558891399467569
2727,0.2282826825188103
2728,0.24915867464437452
2729,1.141332920414451
2730,0.19527335677879315
2731,0.7864796926108264
2732,-0.059033898238564364
2733,0.014570621827698638
2734,1.0358479645186303
2735,0.32495304931592833
2736,0.6226765682214277
2737,-0.22219500579797852
2738,0.2913998889203087
2739,0.22375183636042334
2740,0.02049579061906437
2741,-0.38833163192908515
2742,-0.03584276186600638
2743,0.6980723518642129
2744,0.08514474763316049
2745,-0.7776874129202899
2746,0.733911211080398
2747,-0.4855546102085748
2748,-0.10115333048262054
2749,0.26839741227123043
2750,0.8407196826356418
2751,0.45846882057771715
2752,0.9115319679688079
2753,-0.2243957145553125
2754,-0.743123287897538
2755,-0.02990254505642448
2756,-0.25993313845070815
2757,0.9137659400032598
2758,0.6272034930969557
2759,-0.6946664941184792
2760,-2.087678774267228
2761,-0.23223841060853917
2762,1.5133830909631536
2763,0.09542769622922476
2764,0.07966891579325225
2765,1.1417038023175865
2766,-1.0856811327185298
2767,0.5727312324888187
2768,1.3437417420926998
2769,0.2641550742863082
2770,-0.0685799259897932
2771,-0.6049053748206286
2772,0.9838484956934292
2773,-1.5076219268253572
2774,0.3881179861944099
2775,-1.156986152725133
2776,-0.800433974522159
2777,0.26448291856638334
2778,0.3568470071857837
2779,0.15285523269799528
2780,0.4839223157694686
2781,-0.6438113890356683
2782,0.15352778827539648
2783,1.8874570223541136
2784,0.4827105713111563
2785,-0.3215303302975949
2786,-0.1585337257069559
2787,0.40975925322500856
2788,-0.78375520131007
2789,-0.4872863330076742
2790,0.8408491955619137
2791,0.9559819795647737
2792,0.8437440873215887
2793,-0.7022529131773192
2794,-0.29702649727714775
2795,0.38188744310478523
2796,-0.2909867938474364
2797,0.8488110708700851
2798,-0.707257079115142
2799,0.8899092548080274
2800,0.42043686542755204
2801,0.8847311039113848
2802,0.731540231676463
2803,-0.40239165364403395
2804,-0.8805359503205312
2805,-0.29679554839084327
2806,0.9999997806541745
2807,0.9661501768181644
2808,0.5465629499687541
2809,-0.5764593072797521
2810,1.944448048160547
2811,-0.9999999705181173
2812,-0.3009074456708039
2813,0.6209716633998807
2814,0.433465939955706
2815,-0.014078122444733554
2816,0.2882124875810967
2817,0.7154426907476192
2818,-0.058411071441963724
2819,1.3708095315936533
2820,0.8784121445623918
2821,0.9838484956934292
2822,-0.6534621950903209
2823,-0.7706820432992693
2824,0.5048467583268443
2825,0.5148454040389121
2826,-0.009511373979695759
2827,0.8803525011935078
2828,0.8456860440520333
2829,-2.401566832298268
2830,0.1676158893275485
2831,-0.2191530121976833
2832,0.4149111683250139
2833,-0.34328435955192027
2834,1.6284788870277158
2835,0.47041091764782966
2836,0.8226800951022253
2837,1.2975828194039176
2838,0.8847311039113848
2839,-0.3857543758591889
2840,0.9741636677930243
2841,0.21442437091657757
2842,0.3141261180046096
2843,0.2905561834864228
2844,0.7198455647252471
2845,-0.6122387067262265
2846,-0.292451623650764
2847,-1.8220199120243759
2848,0.9012437016163668
2849,-1.0922889123676085
2850,0.28494181020552617
2851,0.48730248727538245
2852,0.4290377625755282
2853,0.13834290978336028
2854,-0.6230820062557647
2855,0.54501980169396
2856,0.46167340012991215
2857,0.9838484956934292
2858,-0.9490642807725651
2859,0.6081654080956369
2860,0.8666165929454515
2861,-0.17196163977825624
2862,-0.37458537210465265
2863,-0.2675167271276383
2864,1.1822044526661162
2865,0.6224300987403295
2866,0.7022520760931006
2867,0.4147140162725879
2868,-1.0427321801054075
2869,-0.7306523974273869
2870,-0.5920326962465243
2871,-0.615065588368414
2872,-0.31985425156780123
2873,0.5696675283235728
2874,1.484638427090342
2875,-0.20312032297128252
2876,-0.4268907458624393
2877,-0.7681861404348223
2878,0.843551237647487
2879,0.4379876245179198
2880,-0.37564687596201995
2881,0.9971968462868785
2882,0.17309075938286095
2883,-0.16305889994805572
2884,0.6814366052535468
2885,-1.0389928303395541
2886,1.3331053675936497
2887,1.0893233090354721
2888,0.24617151823386935
2889,0.4165988798870998
2890,-0.6978384753356837
2891,-0.1057567357369402
2892,-0.7634317175036696
2893,0.3066187153504692
2894,-0.3323524950678661
2895,0.09129682920658277
2896,-0.6866632849320433
2897,0.34023320566673637
2898,0.4918888484008524
2899,0.10105741056008472
2900,0.7837893161533429
2901,0.08072494093877736
2902,-0.7208948324895704
2903,-0.16825185539772983
2904,-0.07987253258631566
2905,-0.47548392799817507
2906,0.3238688216569778
2907,-0.38664279319775596
2908,-0.7298880860292871
2909,0.38427949093244346
2910,-0.04459252215561288
2911,0.7950060742158758
2912,0.7191347075207102
2913,-0.8231187898720402
2914,0.39115562748583227
2915,-0.6973168941998715
2916,-1.0605108028400345
2917,0.6367207714197336
2918,0.3246542663515622
2919,1.194225958464278
2920,0.3127673976604887
2921,-0.15061396183045614
2922,-0.03584276186600638
2923,1.6231483665152506
2924,0.7030629726118278
2925,0.7089749544980397
2926,-0.4747034458020278
2927,0.3726404944651695
2928,0.14569835681846283
2929,0.6591520605530037
2930,0.11810093088941315
2931,-0.4826532932433408
2932,-0.8153887255154422
2933,-0.022846389500401354
2934,0.27204710217869915
2935,0.5931921635073603
2936,0.4235858087101774
2937,0.34601757954340323
2938,-0.48337925295469153
2939,-0.9999999705181173
2940,0.534733034868081
2941,-0.7136028262794905
2942,-0.17596581290275118
2943,-0.23896122408738477
2944,-0.07735023264431873
2945,0.5116843874206529
2946,0.840650648616398
2947,0.721206442328548
2948,-1.5908125083458382
2949,0.36467988911339705
2950,-0.008180938258879389
2951,-0.13176496660305978
2952,0.7853763000393665
2953,-0.03584276186600638
2954,0.9838484956934292
2955,0.44439947040614375
2956,0.14472266037184928
2957,0.15017193738924212
2958,0.551430772483084
2959,0.5564268116091182
2960,-0.9999999705181173
2961,-0.6622138913536433
2962,0.22583961801748048
2963,-0.09928885450712541
2964,0.5966169095170064
2965,-0.17286028530741485
2966,-0.08679540638912919
2967,-0.20115331241013523
2968,-0.6864244686209567
2969,-0.9683541616867442
2970,1.222826811564216
2971,1.4759229423001485
2972,0.21900626818374241
2973,1.1631097034271498
2974,-0.2267463469061037
2975,1.2289605844064755
2976,0.9999997806541745
2977,0.3970469011795605
2978,1.1343014730543617
2979,-0.8962408692332355
2980,-1.1982356446217588
2981,0.46365099686136885
2982,-0.515280711515967
2983,-0.7917278262506136
2984,-0.9927562074815492
2985,-1.410092122489862
2986,-0.04594411977609569
2987,-0.4909406094183407
2988,1.0034967755709194
2989,0.08899155335851844
2990,0.10627850979843395
2991,0.6616909751650282
2992,0.4526133516156012
2993,0.6199741749161083
2994,0.9823985746586814
2995,1.1388041683588885
2996,-0.6307588634449597
2997,0.05191458789602521
2998,-0.36227824291854227
2999,-0.009335185061853657
3000,-0.2594564182382219
3001,0.38001265447256055
3002,0.3507735843404986
3003,-0.25832680236556693
3004,-0.529272502670626
3005,-0.03584276186600638
3006,-0.9199851749171459
3007,-0.0936839621478312
3008,0.21099699701686397
3009,0.48724741929455245
3010,0.7024873856804346
3011,-0.14957965607050044
3012,-0.7533951317791262
3013,-0.6874469430677926
3014,0.7271145264094176
3015,-0.0015888170603916008
3016,0.2689927992330668
3017,0.7653763188608553
3018,1.0078360701516067
3019,0.5356734917172812
3020,-0.21429135226158127
3021,0.8210899406181074
3022,0.04615096981510186
3023,-0.2895767397804524
3024,0.34962338922023456
3025,-0.2107820425181788
3026,0.6639622766006634
3027,-0.6552927224835365
3028,0.7445648086353651
3029,-0.6928216280941011
3030,0.020323431923605695
3031,0.04424198423343223
3032,-0.2356383969788891
3033,-0.03584276186600638
3034,0.5533516400839598
3035,0.06611994343402589
3036,-0.2590022989208193
3037,0.32688850745842796
3038,-1.745746870513854
3039,0.07984036426240215
3040,0.7997850078853161
3041,-0.22656239513580018
3042,1.526679834874842
3043,-0.08823295062965447
3044,-0.6771706425976247
3045,-0.11851761039931907
3046,1.0132541995800768
3047,0.9473015693069593
3048,-0.16158253854004867
3049,0.22005922279577111
3050,0.48252185845094236
3051,0.3693280819990428
3052,0.07541463243954838
3053,-0.04872976878776941
3054,0.30227225043357103
3055,-0.16053785684188898
3056,0.7587282553798951
3057,-0.3071169152001306
3058,0.1770716965002072
3059,-0.9578400259561639
3060,0.8434348263470648
3061,-0.12213585169462962
3062,-0.5534870933315679
3063,0.3877278789195862
3064,0.12254099487736109
3065,0.6048950864867948
3066,0.758038815801287
3067,0.1477690494595318
3068,-1.1782827787187364
3069,0.7865400528653921
3070,-0.6833218005191088
3071,-0.3193725993477746
3072,-0.5449119172093284
3073,0.28380063411474526
3074,-0.09069059568946855
3075,-0.5450141523027389
3076,-1.814202443950057
3077,0.4832666408576765
3078,-0.04563315730818923
3079,-0.06504262318512505
3080,1.0552677110769184
3081,-0.08948768481170799
3082,-0.02184299199753681
3083,0.538739572907641
3084,-0.1904470865589449
3085,0.12549562228390182
3086,-1.09774777687384
3087,-0.2543159185693824
3088,-0.33499431529655443
3089,0.6721521247430864
3090,1.1959029269675516
3091,-0.27780612172427427
3092,0.7805410972755453
3093,-0.49650563689781924
3094,0.47069537255553223
3095,-0.14294499649984216
3096,0.9500124540061687
3097,-0.5134870594317862
3098,0.994295471567844
3099,1.0989741086872138
3100,1.2239364782448643
3101,-1.3061818008082104
3102,-0.490738265618093
3103,0.833808163553843
3104,0.7655424456471185
3105,0.8264537497303683
3106,0.5377216024368652
3107,-0.21674290083562187
3108,0.7683087154795136
3109,0.33920148304203096
3110,-0.03568911405795888
3111,-0.23529817497518912
3112,1.3182745205546067
3113,0.9640347921332233
3114,0.3383629509084443
3115,0.5134030470466318
3116,-1.5782825354042547
3117,-0.03584276186600638
3118,-0.3519485850306577
3119,0.9897229782159107
3120,0.9838484956934292
3121,0.35840641471921525
3122,-1.7137208635141308
3123,-0.3625625511503409
3124,-0.43474571994615563
3125,-0.04619554911498336
3126,1.2380625973854247
3127,0.21665111565532386
3128,0.2568751559746348
3129,0.2238136624603197
3130,1.036905643876266
3131,-0.5990433618477504
3132,0.8335492517030554
3133,-0.6396714147110372
3134,-0.7731959851765203
3135,-0.3118536355166142
3136,1.3166320513979592
3137,0.7875959081261692
3138,0.21961573912620186
3139,0.433465939955706
3140,0.3386552586303329
3141,-0.1862572306612451
3142,0.5137470184678279
3143,-0.10148707048467165
3144,-1.0955157885290963
3145,-0.6577125583177879
3146,-0.4280178963152552
3147,-0.6271712628358713
3148,0.6438551989621273
3149,-0.774688315495833
3150,0.2351781639130069
3151,0.5000992895099707
3152,0.1646957379314654
3153,0.2886201591122201
3154,0.8222763215074556
3155,1.1305844512068812
3156,0.6148859735195666
3157,-0.3799490057586423
3158,0.2641550742863082
3159,1.0132135818333723
3160,0.3019413463917366
3161,0.6367525750116279
3162,-0.5952571878209615
3163,0.5844189457591835
3164,0.6760940887316653
3165,-0.7932947070279935
3166,0.11520207820900691
3167,-0.8791580265174426
3168,-0.2728396697383815
3169,0.9334673287534856
3170,0.5618874657502799
3171,-0.3307279370801767
3172,0.6050078286274285
3173,1.0875575042029804
3174,0.32777029451994016
3175,0.5071641977020787
3176,0.28487745209202836
3177,0.07745040528997671
3178,-0.2560476080589028
3179,-0.9732891428335386
3180,0.9701829952417251
3181,0.27001643185482466
3182,-0.03584276186600638
3183,1.1497241872737318
3184,2.0074872104930104
3185,-0.6997798964844189
3186,-0.14042515439347114
3187,1.0768955466676218
3188,0.1936852531864393
3189,0.3977937381233608
3190,0.925293987278951
3191,1.5970458176651061
3192,0.046071696197430845
3193,0.8434573881557252
3194,-1.3561964373429103
3195,-0.3054006412056415
3196,1.688140136581094
3197,0.3795037328585869
3198,0.7047740770456932
3199,-0.45896843302253953
3200,-0.20160846496243603
3201,0.6816252332262118
3202,0.4375910421705194
3203,0.7052846608759908
3204,0.6682406657054847
3205,0.3061602229101033
3206,-0.8541546962735924
3207,0.9838484956934292
3208,-0.3141373158170379
3209,0.7179388240000715
3210,-1.391287905936388
3211,-0.09237676166994638
3212,0.3606440563434988
3213,-0.11620420254995811
3214,0.9258382064275352
3215,-0.3320755308962634
3216,0.5375753161160237
3217,0.7033578082036085
3218,-0.6823178530267895
3219,0.8847311039113848
3220,0.9162066455189928
3221,-0.7646411770146039
3222,0.15263335380431892
3223,0.029575883797782476
3224,1.0630086141940362
3225,-0.46767761196705115
3226,-0.2181751355515742
3227,1.017775388421217
3228,0.9838484956934292
3229,0.6764435438013163
3230,0.9999997806541745
3231,-0.01301855178543071
3232,0.22780768690281367
3233,0.899246709004609
3234,-1.1435692571460083
3235,-0.8231780885989601
3236,1.5889929185366731
3237,1.314249907364325
3238,0.01850904025061678
3239,0.8004363363281126
3240,0.39088176695640703
3241,-0.421866184429885
3242,0.1477981917147298
3243,-0.08485120090700243
3244,1.1405119800055687
3245,-1.1069127682859057
3246,0.21188939349832453
3247,-0.30014144319720226
3248,-0.73845695433159
3249,0.37350240070736423
3250,0.07006203695432578
3251,-0.49337145475117733
3252,1.1939387923716147
3253,1.1676276346985839
3254,-0.31442821141784383
3255,-0.14928047591748989
3256,-0.2520388767881881
3257,0.7758064218291911
3258,-0.3648518148051464
3259,-0.6855019798158537
3260,0.10028020382265757
3261,0.8999163507774826
3262,0.6811831746354791
3263,1.1564643400590875
3264,-0.9102496165518321
3265,1.6562657963056324
3266,-0.1566059074346265
3267,0.9843776682684771
3268,-0.6456962406992778
3269,1.0037513358764834
3270,-2.1695418636369976
3271,0.5569365354063773
3272,-0.19959452996248778
3273,0.7258916548694865
3274,0.23827495912669555
3275,0.8665572416927716
3276,0.42024455664717625
3277,0.27994187073160276
3278,0.07796375960564295
3279,-0.1368900509134051
3280,-0.675771595910236
3281,-0.08959802292101879
3282,-2.0026138397146833
3283,-1.578347914072695
3284,-0.11836347935583108
3285,1.0197490428049276
3286,-0.46620188204247076
3287,-0.36111928313947145
3288,-1.1099872237086141
3289,0.1994616050059424
3290,0.7383132199695464
3291,1.3486308067519814
3292,0.64149481114197
3293,0.19660254039846065
3294,-0.41434579691531337
3295,1.3834373157514166
3296,0.07840449544809097
3297,0.15285523269799528
3298,1.0291547142450665
3299,0.8381916206033204
3300,-1.0359368341776058
3301,0.7613349831439076
3302,0.6401076093215241
3303,0.7041329124647215
3304,-0.6756367394605101
3305,0.02320215414190313
3306,1.2392262842364186
3307,-0.3099472180351066
3308,-0.9291183263457428
3309,0.04710600675067339
3310,-1.0653410323614907
3311,0.008617196158751173
3312,-0.5400156655818098
3313,0.7603293071196802
3314,0.716393920771718
3315,0.7607332287553115
3316,0.5484690163720294
3317,-0.08769465497549972
3318,0.23617740054743203
3319,0.8931260709434528
3320,0.8114904691653273
3321,0.01321774983098084
3322,0.4381139523972107
3323,0.22583961801748048
3324,0.525097510194579
3325,-0.03584276186600638
3326,-0.37047073526222735
3327,0.24281115667734104
3328,-0.20751933825823526
3329,-0.36552263299003107
3330,-0.8367362923490143
3331,-0.12704040729293095
3332,0.22583961801748048
3333,0.09005890745782219
3334,-0.20277316270321694
3335,0.7401133344607509
3336,0.551708746112765
3337,-0.6704528233529556
3338,-0.6013926601130971
3339,0.758038815801287
3340,0.07708191150746008
3341,1.0000000419115955
3342,0.7971982852388773
3343,0.5868243326605844
3344,0.6965930166610013
3345,0.6249217539621768
3346,-0.16376514391442556
3347,1.3307065924166992
3348,-0.04461253713509078
3349,0.6857114581474573
3350,-0.14958405132555772
3351,-0.37520670925126665
3352,0.7581560267637348
3353,0.07004254038030272
3354,-0.15974812627386187
3355,-0.4625842366211647
3356,-0.45931642881101564
3357,0.27865786232238526
3358,0.3067130624154267
3359,0.7363354761037813
3360,1.0876009467658603
3361,-0.6114168754832774
3362,1.0782282418726665
3363,1.165484727038566
3364,-0.23342000421186734
3365,0.871662884923063
3366,0.9056267049011439
3367,-0.16010129602932854
3368,-0.4484115462045014
3369,0.7522368231752234
3370,-0.6059324760938479
3371,0.88697033051309
3372,0.6363677560991994
3373,0.9241820269891545
3374,1.016528165934304
3375,0.713837422265271
3376,-0.23789911993469942
3377,-1.9385594436686562
3378,-0.6262093169103727
3379,0.3922963027663226
3380,0.516718077293522
3381,0.5222783930746879
3382,0.3548090682890965
3383,-0.06765064815404379
3384,1.1164373091019097
3385,0.7083256543830265
3386,0.21973634419884286
3387,-0.05151346017372599
3388,1.096138896225625
3389,0.18093017258198185
3390,-0.5529477920325723
3391,1.12875650915488
3392,1.035479359047724
3393,-0.16951253263352606
3394,-0.3966290251776572
3395,-0.5451541769335507
3396,0.1391321937215887
3397,-0.9943384352374103
3398,-0.7165011054288936
3399,0.5335087684157838
3400,-0.7681861404348223
3401,0.42857534149531834
3402,0.15145699032559495
3403,0.6284516211450835
3404,1.0556250728269516
3405,0.5977079901963562
3406,-0.2320902260683173
3407,-0.7459152094000787
3408,0.1524428747694973
3409,-0.2308607407061741
3410,0.14176254240500585
3411,0.5904696497756994
3412,0.28753257375018243
3413,-0.03584276186600638
3414,-0.2155228813462124
3415,-0.30203505960878646
3416,0.35979380864822946
3417,0.5023897066290157
3418,-0.8488290796729114
3419,-0.8330211337934199
3420,0.5029010768892341
3421,0.05321980378697516
3422,0.11037523862278686
3423,-0.03809592829584857
3424,0.05332765801014233
3425,0.8529706419410168
3426,0.0139720900829165
3427,-0.1440407837308037
3428,-0.5841469787296962
3429,-0.5204136340393366
3430,0.7180187475054316
3431,-0.273200784673617
3432,0.022527192161224174
3433,-0.6921779750965951
3434,0.7702797591188526
3435,0.20695719036546795
3436,-0.9377988170313389
3437,-0.46587698276550726
3438,0.15285523269799528
3439,-0.6731184723161521
3440,-0.3146971553525128
3441,0.6266484618024069
3442,0.9724026089619033
3443,0.9413231781114457
3444,1.538740645988934
3445,0.09340326873907406
3446,0.11141802916507704
3447,0.772946484992802
3448,0.8007732321539793
3449,-0.46207036831602155
3450,-1.0499415082692027
3451,-0.24167566570473833
3452,-0.024183745564391346
3453,0.24949199759765855
3454,0.3613885910106644
3455,-0.24242554248485115
3456,0.27550261731214126
3457,0.504802164126009
3458,-0.24966157561872143
3459,-0.07329051779810083
3460,1.6720325034704295
3461,-1.4104849415327863
3462,-0.9453699251353183
3463,-0.29881120735175626
3464,-0.5016742329292669
3465,-1.144129624326542
3466,-0.05722447164626432
3467,-1.5375177235116797
3468,0.37496262860507307
3469,-0.37346566949664795
3470,0.1893973706358118
3471,-0.5300341774835494
3472,0.3496042979194481
3473,-0.04686533904519341
3474,-0.5595584912707106
3475,0.707300707390589
3476,-0.2576443278675916
3477,-0.24659880623714342
3478,0.47958831466122737
3479,0.6892170623026905
3480,0.6967724133404172
3481,1.0739795599848532
3482,-0.5470573433927575
3483,-0.7537671515515862
3484,0.22583961801748048
3485,0.9828172018934609
3486,-0.38134405586555753
3487,0.12059103448720676
3488,1.1610580157536408
3489,0.945230505199177
3490,-0.3167938906926627
3491,0.3878200947326185
3492,0.9219072307063374
3493,-0.804843203012723
3494,0.42417701231868504
3495,-0.14106855826465536
3496,-0.03584276186600638
3497,0.5798717475472179
3498,-0.21215274787957833
3499,0.41549327057787505
3500,-0.5917493772780649
3501,0.18182632625374467
3502,0.01868191969480809
3503,0.14143010385805882
3504,-0.9740643259466049
3505,1.05773637759274
3506,0.8491150639276199
3507,-0.1622379071510548
3508,1.0137092283660594
3509,-0.1862550860836215
3510,0.2617941536175095
3511,-0.9943384352374103
3512,-0.41756710502971495
3513,-0.6258487683309331
3514,-0.09113319406205794
3515,0.6999097560914811
3516,-0.38507859993163535
3517,-0.47127676361764453
3518,-0.1539973448629771
3519,0.7920150049205448
3520,-0.8739473004643654
3521,0.2387065913268171
3522,0.2096546462425814
3523,0.3770660159723092
3524,-1.4870731893070919
3525,-1.106925578303822
3526,0.758038815801287
3527,0.3079598048717867
3528,-0.28815529384532945
3529,-0.5375277612991733
3530,0.9838484956934292
3531,0.39164701533865226
3532,1.4883518859816744
3533,0.9715027533541005
3534,0.042557090385035024
3535,-1.4281961933111766
3536,0.4691039162014626
3537,0.640969175712137
3538,0.8018529419707097
3539,0.2217523718402052
3540,0.2879065801592922
3541,-0.41491266405946586
3542,-0.3249046596564347
3543,-0.677001501447231
3544,0.2915384652545488
3545,0.2772980770080555
3546,-0.22991281644563738
3547,0.15484010611089444
3548,-0.1297821780908715
3549,0.21909508819876772
3550,0.6630035077623566
3551,0.12445392872379557
3552,-0.41760206047141246
3553,-0.35462173909030326
3554,0.5843758480517911
3555,-0.28736749300727066
3556,0.06803217922596122
3557,-0.34318970116169734
3558,-0.23967747533194272
3559,-0.20220472253241292
3560,-0.8630465796833156
3561,0.01677809566004146
3562,-0.4230525680823849
3563,-0.44141902419863727
3564,-0.27754330233540797
3565,1.0797178794336713
3566,-0.09792818397076933
3567,-0.2364331679875569
3568,0.3722486347883948
3569,0.5563559489709993
3570,-0.8551044118636484
3571,0.13767468992921816
3572,-0.5614758770584694
3573,-0.5149260979120533
3574,-0.2106665333430635
3575,-0.00734663479090264
3576,-0.9131546837727094
3577,0.5079518283331506
3578,0.6691724765826246
3579,-0.584780820546323
3580,0.35413078041333673
3581,0.3073992164360669
3582,-0.2747346526232278
3583,-0.2451142708389744
3584,-0.7286393171640617
3585,0.15121477421471652
3586,0.8016793554584312
3587,0.9124441215683285
3588,0.1190491127103922
3589,0.2653883819809593
3590,0.9786523782781289
3591,-0.16472286632043667
3592,0.1676158893275485
3593,0.6549103901322886
3594,-0.851493555939496
3595,0.2324669896097215
3596,0.09036901572493561
3597,0.6153796365225772
3598,-0.7383332342880655
3599,-0.2045057195190378
3600,0.34813888023909073
3601,-0.14726078069414325
3602,0.4389463269762605
3603,-0.6367901418917139
3604,1.508427747021483
3605,-0.12895246474198419
3606,-0.24903148467677075
3607,0.2084982294637136
3608,-0.43083476593477305
3609,-0.07612408270135568
3610,1.3052567914405313
3611,0.11035150351696715
3612,0.4950659266945648
3613,0.35629413536255
3614,1.6137030548167004
3615,1.0782282418726665
3616,-0.47918902738867414
3617,-0.14592757193091596
3618,0.22828133987420735
3619,-0.6062906045166254
3620,0.8957082952378286
3621,0.5404774193219646
3622,0.41888973178453365
3623,0.2655698123870032
3624,0.07190405955480678
3625,0.2525779317308024
3626,0.5230335447164665
3627,0.3950630818806891
3628,-1.2997484184821457
3629,1.1077106224186961
3630,0.789477150067381
3631,-1.150361899166134
3632,0.9788502207020442
3633,0.10734047485494996
3634,0.8847311039113848
3635,0.6241122197375644
3636,0.7142668404633237
3637,0.008681882821899134
3638,-0.33169478971410715
3639,0.9509203467042622
3640,-0.6082562994331708
3641,-0.67083707652665
3642,0.8847311039113848
3643,0.44371681269094626
3644,-0.5170906774399389
3645,0.44453760799879366
3646,0.6343038287783214
3647,-0.1434323489589141
3648,0.9051324426776359
3649,-1.0949206797927455
3650,-0.6279363843700434
3651,-0.46613754692126225
3652,0.25201300179052116
3653,-0.7611414775471737
3654,0.06478929282037477
3655,1.1896159727035889
3656,0.27913483759628005
3657,-0.4439710622000455
3658,1.9938166417366379
3659,0.2375956895516969
3660,0.2525779317308024
3661,1.5308092247245724
3662,-0.17857259827063848
3663,-0.21662515876890986
3664,-0.4195368706373782
3665,0.3674615523006603
3666,0.2737696913391147
3667,1.1218743186976365
3668,0.4501746576117203
3669,-0.17011990773262292
3670,-0.15729531891873855
3671,0.44673855184935324
3672,-0.6775009857754024
3673,0.6604184881637405
3674,-0.4795749834037013
3675,-1.6617100499608668
3676,-0.7042943184447223
3677,0.6981378801118745
3678,0.5213705533194759
3679,-0.006425332541061202
3680,-0.2688866317321146
3681,0.7303229322313323
3682,0.801041313437568
3683,-0.9858162322029986
3684,1.1173066430015588
3685,-0.39986020503444775
3686,0.7083256543830265
3687,-0.030374643003521884
3688,1.158698761482313
3689,-0.18207783787569778
3690,0.5877116330121852
3691,-0.08836770510468506
3692,-1.0088181803279168
3693,0.7805976406647264
3694,1.4257238354401556
3695,1.3478650326120174
3696,0.4874307981141251
3697,-0.05578284666267719
3698,0.8185074252662137
3699,-0.014618275581389062
3700,1.2519951504845241
3701,0.9838484956934292
3702,-0.40379293216280887
3703,-0.03584276186600638
3704,0.7536282412762016
3705,0.019175183405051033
3706,1.864252765142934
3707,1.9416911672249908
3708,0.41260723755373957
3709,-0.2008906202959816
3710,-0.3965318916170303
3711,0.7789728699178526
3712,-0.30435700590498965
3713,-0.25951739503009885
3714,0.5564956119373983
3715,0.2945139731270647
3716,-0.6510050595464754
3717,0.7786403156835182
3718,0.4726837190215159
3719,0.47793756639843515
3720,-1.132327978142059
3721,1.3359688848685822
3722,0.8155776535697556
3723,0.6742063589062544
3724,0.9662048708422972
3725,0.15292494843106924
3726,0.27527237019700496
3727,-0.9331125053036624
3728,-0.16245385151467462
3729,0.304718415053054
3730,0.6636426258535579
3731,-1.162919219774141
3732,-0.852344203755963
3733,-0.18750318165542718
3734,0.23086032317127797
3735,0.3934440044408383
3736,-0.1806331953278194
3737,1.3153073469689078
3738,0.4202722807616211
3739,0.5978434217646902
3740,0.3555052235004466
3741,1.3041818600402715
3742,0.4477243611554215
3743,0.4758944418493544
3744,-0.20744585422209444
3745,0.958276643612261
3746,0.813925697121473
3747,0.022533573726911227
3748,-0.32608224473730746
3749,0.5679252261583101
3750,1.086831347623839
3751,0.12148778844434932
3752,0.9923446110481255
3753,0.04540781898433732
3754,0.6695777284243445
3755,-0.302158638600247
3756,1.0815617357216338
3757,0.5983030165240264
3758,-0.8875391598165423
3759,2.2074331032728103
3760,0.28580794197529896
3761,-0.4648517610934443
3762,0.5905655463095425
3763,0.560092140416411
3764,0.18833382476395222
3765,0.022281884589031242
3766,0.6494979966960357
3767,0.7756367805009088
3768,0.9999997806541745
3769,-0.9310546435395333
3770,-0.5820901723242353
3771,-0.1637919088330377
3772,-0.7699105768117911
3773,0.8121335396874549
3774,-0.639485564817013
3775,0.263278182400356
3776,0.009825900513957764
3777,-0.45038794876670524
3778,1.0453484129234711
3779,0.49811648131402414
3780,-0.38512220787040985
3781,1.084740842448894
3782,0.10565274265510038
3783,0.9999980069052057
3784,0.9838484956934292
3785,-0.9999999705181173
3786,0.1442407954079032
3787,1.2336208980978576
3788,0.4973341677943825
3789,0.12334056869911669
3790,0.5501239698358835
3791,1.3735912409702475
3792,0.4856374673683787
3793,0.5826808284725353
3794,0.007712697305625238
3795,0.45555511417796496
3796,0.7179609261142104
3797,0.014370745699632426
3798,0.6344178948604813
3799,-0.3667108342421361
3800,-0.15228821085857222
3801,-1.00000034208935
3802,0.23385524292385013
3803,0.15285523269799528
3804,0.5090174175280333
3805,0.7414114205012923
3806,0.569310365536758
3807,-0.486571028778358
3808,0.10565369014394738
3809,0.6843136282344362
3810,1.5465185773280874
3811,-1.8711113342461667
3812,0.3119826403017086
3813,0.33345148576877354
3814,0.5055386705195322
3815,0.7769250306217994
3816,0.41210414806784273
3817,0.18152607418307848
3818,0.15285523269799528
3819,1.2414081269747435
3820,-0.11509600749280807
3821,1.2011449487510502
3822,0.1973816005425309
3823,-0.5215250348924396
3824,1.0968277411873422
3825,-0.10814410157533019
3826,-0.3787797598029913
3827,-0.7275964532382395
3828,0.24767754124551883
3829,-0.021722001759269027
3830,0.6351443558276737
3831,-0.17865746994511145
3832,-0.03584276186600638
3833,-0.5761770815142071
3834,0.5845777593690811
3835,-0.17639633074124744
3836,-1.1640862584851752
3837,0.40650019731942316
3838,-0.9999999705181173
3839,0.6800455849217071
3840,-0.638824210289068
3841,1.6252189673093835
3842,0.2624852372420177
3843,0.4495803854464287
3844,0.2832736889315159
3845,1.2954896689886868
3846,0.35054955298595797
3847,0.9943406519198033
3848,-0.660469619568248
3849,0.1656353559366821
3850,-0.2856040897671885
3851,0.32445211616793196
3852,0.11689183877260118
3853,1.569383251799472
3854,-0.21828561154171267
3855,1.245117829524591
3856,0.5502258456219729
3857,-0.11527571644528109
3858,0.49529744713659424
3859,-0.266046995718832
3860,1.094295088426499
3861,0.921075850111297
3862,-1.4237367896955246
3863,-1.0669314098308165
3864,0.3628719125337054
3865,-0.25355310613665805
3866,0.6451444171277843
3867,0.6521197028544841
3868,0.7026039188158633
3869,-0.8257831319051776
3870,0.34589326634312473
3871,-0.20229335930060985
3872,-0.7862463389035663
3873,0.20278745079321564
3874,0.882412683928556
